"","x"
"1","A0A2R8YFF1"
"2","A0A3B3ISS9"
"3","A0A3B3IT34"
"4","A0A3B3ITR4"
"5","A0A494C176"
"6","A1CF"
"7","AACS"
"8","AARD"
"9","AARS1"
"10","AATF"
"11","AATK"
"12","ABAT"
"13","ABCA12"
"14","ABCA2"
"15","ABCA3"
"16","ABCB5"
"17","ABCB6"
"18","ABCC8"
"19","ABCD1"
"20","ABCD2"
"21","ABI1"
"22","ABI2"
"23","ABITRAM"
"24","ABL1"
"25","ABLIM1"
"26","ACACB"
"27","ACADM"
"28","ACAN"
"29","ACAP3"
"30","ACAT1"
"31","ACD"
"32","ACE"
"33","ACER1"
"34","ACER3"
"35","ACHE"
"36","ACIN1"
"37","ACKR2"
"38","ACKR3"
"39","ACO1"
"40","ACO2"
"41","ACOD1"
"42","ACP4"
"43","ACP5"
"44","ACP6"
"45","ACRV1"
"46","ACSBG1"
"47","ACSBG2"
"48","ACSL3"
"49","ACSL4"
"50","ACTA1"
"51","ACTA2"
"52","ACTB"
"53","ACTBL2"
"54","ACTC1"
"55","ACTG2"
"56","ACTL6A"
"57","ACTL6B"
"58","ACTN1"
"59","ACTN2"
"60","ACTN3"
"61","ACVR1"
"62","ACVR1B"
"63","ACVR1C"
"64","ACVR2A"
"65","ACVR2B"
"66","ACVRL1"
"67","ADA"
"68","ADA2"
"69","ADAD1"
"70","ADAM10"
"71","ADAM12"
"72","ADAM15"
"73","ADAM17"
"74","ADAM18"
"75","ADAM19"
"76","ADAM20"
"77","ADAM21"
"78","ADAM22"
"79","ADAM23"
"80","ADAM29"
"81","ADAM8"
"82","ADAM9"
"83","ADAMTS1"
"84","ADAMTS12"
"85","ADAMTS16"
"86","ADAMTS18"
"87","ADAMTS2"
"88","ADAMTS3"
"89","ADAMTS4"
"90","ADAMTS5"
"91","ADAMTS6"
"92","ADAMTS7"
"93","ADAMTS9"
"94","ADAMTSL2"
"95","ADAP2"
"96","ADAR"
"97","ADARB1"
"98","ADCY1"
"99","ADCY9"
"100","ADCYAP1"
"101","ADCYAP1R1"
"102","ADD2"
"103","ADGRA2"
"104","ADGRB1"
"105","ADGRB2"
"106","ADGRB3"
"107","ADGRF1"
"108","ADGRF5"
"109","ADGRG1"
"110","ADGRG3"
"111","ADGRG6"
"112","ADGRL2"
"113","ADGRL3"
"114","ADGRV1"
"115","ADIPOQ"
"116","ADM"
"117","ADM2"
"118","ADNP"
"119","ADNP2"
"120","ADORA1"
"121","ADORA2A"
"122","ADRA1A"
"123","ADRB2"
"124","ADTRP"
"125","AFF2"
"126","AFF3"
"127","AFP"
"128","AGBL4"
"129","AGER"
"130","AGO1"
"131","AGO2"
"132","AGO3"
"133","AGO4"
"134","AGPAT5"
"135","AGR2"
"136","AGRN"
"137","AGT"
"138","AGTPBP1"
"139","AGTR1"
"140","AGTR2"
"141","AHI1"
"142","AHR"
"143","AHSG"
"144","AHSP"
"145","AICDA"
"146","AIF1"
"147","AIMP1"
"148","AIMP2"
"149","AIRE"
"150","AJAP1"
"151","AK4"
"152","AK8"
"153","AKAP13"
"154","AKAP3"
"155","AKAP6"
"156","AKNA"
"157","AKR1B1"
"158","AKR1C3"
"159","AKT3"
"160","ALAS1"
"161","ALAS2"
"162","ALCAM"
"163","ALDH1A2"
"164","ALDH1A3"
"165","ALDH3A2"
"166","ALDH5A1"
"167","ALG5"
"168","ALK"
"169","ALKBH1"
"170","ALOX12"
"171","ALOX12B"
"172","ALOX15"
"173","ALOX15B"
"174","ALOX5"
"175","ALOXE3"
"176","ALPK2"
"177","ALPK3"
"178","ALPL"
"179","ALS2"
"180","ALX1"
"181","ALX3"
"182","ALX4"
"183","AMBN"
"184","AMBRA1"
"185","AMELX"
"186","AMELY"
"187","AMER1"
"188","AMH"
"189","AMHR2"
"190","AMIGO1"
"191","AMIGO2"
"192","AMIGO3"
"193","AMN"
"194","AMOT"
"195","AMOTL1"
"196","AMOTL2"
"197","AMTN"
"198","ANG"
"199","ANGPT1"
"200","ANGPT2"
"201","ANGPT4"
"202","ANGPTL1"
"203","ANGPTL2"
"204","ANGPTL3"
"205","ANGPTL4"
"206","ANGPTL6"
"207","ANGPTL7"
"208","ANHX"
"209","ANK2"
"210","ANK3"
"211","ANKH"
"212","ANKRD1"
"213","ANKRD11"
"214","ANKRD17"
"215","ANKRD2"
"216","ANKRD27"
"217","ANKRD33"
"218","ANKRD54"
"219","ANKS6"
"220","ANO1"
"221","ANO6"
"222","ANOS1"
"223","ANPEP"
"224","ANTXR1"
"225","ANXA1"
"226","ANXA2"
"227","ANXA3"
"228","ANXA6"
"229","AP1B1"
"230","AP2B1"
"231","AP3B1"
"232","AP3D1"
"233","APAF1"
"234","APBA1"
"235","APBA2"
"236","APBA3"
"237","APBB1"
"238","APC"
"239","APC2"
"240","APCDD1"
"241","APCS"
"242","APELA"
"243","APLN"
"244","APLNR"
"245","APLP1"
"246","APOA1"
"247","APOA2"
"248","APOB"
"249","APOD"
"250","APOE"
"251","APOH"
"252","APOL2"
"253","APOLD1"
"254","APP"
"255","APPL2"
"256","AQP1"
"257","AQP11"
"258","AQP2"
"259","AQP3"
"260","AQP5"
"261","AQP6"
"262","AR"
"263","ARC"
"264","AREG"
"265","ARF6"
"266","ARFGEF1"
"267","ARFRP1"
"268","ARG1"
"269","ARG2"
"270","ARHGAP11B"
"271","ARHGAP22"
"272","ARHGAP24"
"273","ARHGAP26"
"274","ARHGAP4"
"275","ARHGAP5"
"276","ARHGDIB"
"277","ARHGDIG"
"278","ARHGEF10"
"279","ARHGEF15"
"280","ARHGEF2"
"281","ARHGEF7"
"282","ARID1B"
"283","ARID2"
"284","ARID4A"
"285","ARID5B"
"286","ARL13B"
"287","ARL3"
"288","ARL6"
"289","ARMC5"
"290","ARMC6"
"291","ARNT2"
"292","ARNTL"
"293","ARPC5"
"294","ARRB1"
"295","ARRB2"
"296","ARRDC3"
"297","ARSB"
"298","ARSL"
"299","ARTN"
"300","ARVCF"
"301","ARX"
"302","ASAH1"
"303","ASB1"
"304","ASB2"
"305","ASCL1"
"306","ASCL2"
"307","ASCL4"
"308","ASF1B"
"309","ASGR2"
"310","ASH2L"
"311","ASIC2"
"312","ASNS"
"313","ASPA"
"314","ASPM"
"315","ASPN"
"316","ASPRV1"
"317","ASS1"
"318","ASTN1"
"319","ASTN2"
"320","ASXL2"
"321","ASXL3"
"322","ASZ1"
"323","ATAT1"
"324","ATCAY"
"325","ATF2"
"326","ATF3"
"327","ATF5"
"328","ATG5"
"329","ATIC"
"330","ATL1"
"331","ATM"
"332","ATOH1"
"333","ATOH7"
"334","ATOH8"
"335","ATP11A"
"336","ATP1A2"
"337","ATP1B2"
"338","ATP2B1"
"339","ATP2B2"
"340","ATP2B4"
"341","ATP2C2"
"342","ATP5F1B"
"343","ATP5PB"
"344","ATP6V1B1"
"345","ATP7A"
"346","ATP8A2"
"347","ATP8B1"
"348","ATR"
"349","ATRNL1"
"350","ATRX"
"351","ATXN1"
"352","ATXN10"
"353","ATXN1L"
"354","ATXN3"
"355","AURKA"
"356","AURKB"
"357","AUTS2"
"358","AVIL"
"359","AVPR1A"
"360","AVPR2"
"361","AXIN1"
"362","AXIN2"
"363","AXL"
"364","AZI2"
"365","AZU1"
"366","B2M"
"367","B3GNT2"
"368","B3GNT5"
"369","B4GALT1"
"370","B4GALT2"
"371","B4GALT6"
"372","B9D1"
"373","BAAT"
"374","BACE2"
"375","BAG3"
"376","BAIAP2"
"377","BAK1"
"378","BANP"
"379","BARHL1"
"380","BARHL2"
"381","BARX1"
"382","BARX2"
"383","BASP1"
"384","BATF"
"385","BATF2"
"386","BATF3"
"387","BAX"
"388","BBS2"
"389","BBS4"
"390","BBS5"
"391","BBS7"
"392","BBX"
"393","BCAN"
"394","BCAR3"
"395","BCAS1"
"396","BCAS3"
"397","BCHE"
"398","BCL10"
"399","BCL11B"
"400","BCL2"
"401","BCL2A1"
"402","BCL2L1"
"403","BCL2L11"
"404","BCL3"
"405","BCL6"
"406","BCL9"
"407","BCOR"
"408","BCR"
"409","BDNF"
"410","BECN1"
"411","BEND6"
"412","BEX1"
"413","BEX3"
"414","BFSP1"
"415","BFSP2"
"416","BGLAP"
"417","BGN"
"418","BHLHA15"
"419","BHLHA9"
"420","BHLHB9"
"421","BHLHE22"
"422","BHLHE23"
"423","BHLHE40"
"424","BHLHE41"
"425","BICC1"
"426","BICDL1"
"427","BID"
"428","BIK"
"429","BIN1"
"430","BIN3"
"431","BIRC2"
"432","BIRC6"
"433","BIRC7"
"434","BLK"
"435","BLNK"
"436","BLOC1S1"
"437","BLOC1S3"
"438","BLOC1S5"
"439","BLOC1S6"
"440","BMERB1"
"441","BMP1"
"442","BMP10"
"443","BMP15"
"444","BMP2"
"445","BMP2K"
"446","BMP3"
"447","BMP4"
"448","BMP5"
"449","BMP6"
"450","BMP7"
"451","BMP8A"
"452","BMP8B"
"453","BMPER"
"454","BMPR1A"
"455","BMPR1B"
"456","BMPR2"
"457","BNC2"
"458","BNIP3"
"459","BOC"
"460","BOK"
"461","BOLL"
"462","BORCS8"
"463","BPNT1"
"464","BPNT2"
"465","BPTF"
"466","BRAF"
"467","BRCA1"
"468","BRCA2"
"469","BRD1"
"470","BRD2"
"471","BRINP1"
"472","BRINP3"
"473","BRIP1"
"474","BRME1"
"475","BRSK1"
"476","BRSK2"
"477","BSN"
"478","BSX"
"479","BTBD3"
"480","BTBD7"
"481","BTD"
"482","BTG2"
"483","BTG4"
"484","BTK"
"485","BTRC"
"486","BVES"
"487","BYSL"
"488","BZW2"
"489","C12orf29"
"490","C17orf99"
"491","C1GALT1"
"492","C1orf127"
"493","C1QA"
"494","C1QC"
"495","C1QL1"
"496","C2CD3"
"497","C2orf49"
"498","C3"
"499","C3AR1"
"500","C3orf70"
"501","C5"
"502","C5AR1"
"503","C6"
"504","C6orf141"
"505","C8orf37"
"506","C9orf116"
"507","C9orf72"
"508","CA10"
"509","CA2"
"510","CABP4"
"511","CACNA1C"
"512","CACNA1G"
"513","CACNA1H"
"514","CACYBP"
"515","CAD"
"516","CADM1"
"517","CALB1"
"518","CALCA"
"519","CALCRL"
"520","CALD1"
"521","CALM2"
"522","CAMK1"
"523","CAMK1D"
"524","CAMK2A"
"525","CAMK2B"
"526","CAMK2G"
"527","CAMK4"
"528","CAMP"
"529","CAMSAP1"
"530","CAMSAP2"
"531","CAMSAP3"
"532","CAPG"
"533","CAPN1"
"534","CAPN2"
"535","CAPN3"
"536","CAPRIN1"
"537","CAPRIN2"
"538","CARD11"
"539","CARTPT"
"540","CASP14"
"541","CASP2"
"542","CASP3"
"543","CASP5"
"544","CASP7"
"545","CASP8"
"546","CASP9"
"547","CASQ1"
"548","CASR"
"549","CASZ1"
"550","CAT"
"551","CATSPER1"
"552","CATSPER2"
"553","CATSPER3"
"554","CATSPER4"
"555","CATSPERB"
"556","CATSPERD"
"557","CATSPERG"
"558","CAV1"
"559","CAV2"
"560","CAV3"
"561","CAVIN4"
"562","CBFA2T2"
"563","CBFA2T3"
"564","CBFB"
"565","CBL"
"566","CBLL1"
"567","CBLN1"
"568","CBLN2"
"569","CBLN4"
"570","CBX2"
"571","CC2D2A"
"572","CCBE1"
"573","CCDC103"
"574","CCDC120"
"575","CCDC134"
"576","CCDC14"
"577","CCDC141"
"578","CCDC154"
"579","CCDC182"
"580","CCDC24"
"581","CCDC39"
"582","CCDC40"
"583","CCDC62"
"584","CCDC85C"
"585","CCDC88A"
"586","CCHCR1"
"587","CCIN"
"588","CCK"
"589","CCKAR"
"590","CCKBR"
"591","CCL11"
"592","CCL17"
"593","CCL19"
"594","CCL2"
"595","CCL24"
"596","CCL3"
"597","CCM2"
"598","CCN1"
"599","CCN2"
"600","CCN3"
"601","CCN4"
"602","CCN6"
"603","CCNA2"
"604","CCNB1"
"605","CCNB1IP1"
"606","CCNB2"
"607","CCND1"
"608","CCNF"
"609","CCNT2"
"610","CCR1"
"611","CCR2"
"612","CCR3"
"613","CCR4"
"614","CCR6"
"615","CCR7"
"616","CCR9"
"617","CCSAP"
"618","CD109"
"619","CD160"
"620","CD164"
"621","CD19"
"622","CD1D"
"623","CD2"
"624","CD24"
"625","CD248"
"626","CD27"
"627","CD28"
"628","CD34"
"629","CD3D"
"630","CD3E"
"631","CD3G"
"632","CD4"
"633","CD40"
"634","CD40LG"
"635","CD44"
"636","CD46"
"637","CD74"
"638","CD79A"
"639","CD79B"
"640","CD80"
"641","CD83"
"642","CD86"
"643","CD8A"
"644","CD9"
"645","CDC20"
"646","CDC73"
"647","CDH1"
"648","CDH10"
"649","CDH11"
"650","CDH12"
"651","CDH13"
"652","CDH17"
"653","CDH18"
"654","CDH19"
"655","CDH2"
"656","CDH20"
"657","CDH22"
"658","CDH23"
"659","CDH24"
"660","CDH3"
"661","CDH4"
"662","CDH5"
"663","CDH6"
"664","CDH7"
"665","CDH8"
"666","CDH9"
"667","CDHR1"
"668","CDHR3"
"669","CDIN1"
"670","CDK1"
"671","CDK13"
"672","CDK16"
"673","CDK2"
"674","CDK20"
"675","CDK5"
"676","CDK5R1"
"677","CDK5R2"
"678","CDK5RAP1"
"679","CDK5RAP2"
"680","CDK5RAP3"
"681","CDK6"
"682","CDKL1"
"683","CDKL3"
"684","CDKL5"
"685","CDKN1A"
"686","CDKN2B"
"687","CDKN2C"
"688","CDNF"
"689","CDO1"
"690","CDON"
"691","CDSN"
"692","CDX1"
"693","CDX2"
"694","CDX4"
"695","CEACAM1"
"696","CEBPA"
"697","CEBPB"
"698","CEBPE"
"699","CEBPG"
"700","CECR2"
"701","CEL"
"702","CELA1"
"703","CELA2A"
"704","CELF4"
"705","CELSR1"
"706","CELSR2"
"707","CELSR3"
"708","CEMIP2"
"709","CEMP1"
"710","CEND1"
"711","CENPE"
"712","CENPF"
"713","CENPU"
"714","CEP120"
"715","CEP131"
"716","CEP290"
"717","CEP55"
"718","CEP85L"
"719","CER1"
"720","CERS3"
"721","CERT1"
"722","CFAP20"
"723","CFAP43"
"724","CFAP53"
"725","CFC1"
"726","CFC1B"
"727","CFL2"
"728","CFLAR"
"729","CGA"
"730","CGAS"
"731","CHAC1"
"732","CHAD"
"733","CHADL"
"734","CHD5"
"735","CHD7"
"736","CHD8"
"737","CHEK1"
"738","CHERP"
"739","CHI3L1"
"740","CHL1"
"741","CHMP4C"
"742","CHN1"
"743","CHODL"
"744","CHRD"
"745","CHRDL1"
"746","CHRDL2"
"747","CHRM1"
"748","CHRM2"
"749","CHRM3"
"750","CHRNA1"
"751","CHRNA10"
"752","CHRNA3"
"753","CHRNA7"
"754","CHRNA9"
"755","CHRNB2"
"756","CHRND"
"757","CHST11"
"758","CHST2"
"759","CHST8"
"760","CHSY1"
"761","CHURC1"
"762","CIAO3"
"763","CIAPIN1"
"764","CILK1"
"765","CIR1"
"766","CISD2"
"767","CIT"
"768","CITED1"
"769","CITED2"
"770","CKB"
"771","CLASP1"
"772","CLASP2"
"773","CLC"
"774","CLCF1"
"775","CLCN2"
"776","CLDN1"
"777","CLDN11"
"778","CLDN18"
"779","CLDN3"
"780","CLDN4"
"781","CLDN5"
"782","CLEC14A"
"783","CLEC3A"
"784","CLEC3B"
"785","CLIC4"
"786","CLMN"
"787","CLMP"
"788","CLN8"
"789","CLP1"
"790","CLRN1"
"791","CLRN2"
"792","CLSTN1"
"793","CLSTN2"
"794","CLSTN3"
"795","CLU"
"796","CMA1"
"797","CMIP"
"798","CMKLR1"
"799","CMTM3"
"800","CMTM7"
"801","CMTM8"
"802","CNFN"
"803","CNGB1"
"804","CNMD"
"805","CNN2"
"806","CNNM4"
"807","CNOT1"
"808","CNOT2"
"809","CNOT3"
"810","CNOT4"
"811","CNR1"
"812","CNTF"
"813","CNTFR"
"814","CNTN1"
"815","CNTN2"
"816","CNTN3"
"817","CNTN4"
"818","CNTN5"
"819","CNTN6"
"820","CNTNAP1"
"821","CNTNAP2"
"822","CNTRL"
"823","COBL"
"824","COL10A1"
"825","COL11A1"
"826","COL11A2"
"827","COL12A1"
"828","COL13A1"
"829","COL15A1"
"830","COL18A1"
"831","COL19A1"
"832","COL1A1"
"833","COL1A2"
"834","COL22A1"
"835","COL27A1"
"836","COL2A1"
"837","COL3A1"
"838","COL4A1"
"839","COL4A2"
"840","COL4A3"
"841","COL4A4"
"842","COL5A1"
"843","COL5A2"
"844","COL5A3"
"845","COL6A1"
"846","COL6A3"
"847","COL7A1"
"848","COL8A1"
"849","COL8A2"
"850","COL9A1"
"851","COL9A2"
"852","COL9A3"
"853","COLEC11"
"854","COMP"
"855","COPS3"
"856","COQ7"
"857","COQ8B"
"858","CORO1C"
"859","CPAMD8"
"860","CPB2"
"861","CPE"
"862","CPLX2"
"863","CPNE1"
"864","CPNE6"
"865","CPS1"
"866","CPT1A"
"867","CPT2"
"868","CR1"
"869","CR2"
"870","CRABP1"
"871","CRABP2"
"872","CRAMP1"
"873","CRB1"
"874","CRB2"
"875","CREB1"
"876","CREB3L1"
"877","CREB3L2"
"878","CRELD1"
"879","CREM"
"880","CRH"
"881","CRIM1"
"882","CRIP1"
"883","CRIP2"
"884","CRISPLD2"
"885","CRLF1"
"886","CRMP1"
"887","CRPPA"
"888","CRTAM"
"889","CRX"
"890","CRYAB"
"891","CRYBA1"
"892","CRYBA2"
"893","CRYBA4"
"894","CRYBB1"
"895","CRYBB2"
"896","CRYBB3"
"897","CRYBG3"
"898","CRYGA"
"899","CRYGB"
"900","CRYGC"
"901","CRYGD"
"902","CRYGN"
"903","CRYGS"
"904","CSF1"
"905","CSF1R"
"906","CSF2"
"907","CSF3"
"908","CSF3R"
"909","CSH1"
"910","CSH2"
"911","CSHL1"
"912","CSK"
"913","CSMD1"
"914","CSN2"
"915","CSN3"
"916","CSPG4"
"917","CSPG5"
"918","CSRNP1"
"919","CSRP2"
"920","CSRP3"
"921","CST7"
"922","CSTA"
"923","CTC1"
"924","CTDP1"
"925","CTF1"
"926","CTHRC1"
"927","CTLA4"
"928","CTNNA1"
"929","CTNNA2"
"930","CTNNBIP1"
"931","CTNND1"
"932","CTNND2"
"933","CTNS"
"934","CTR9"
"935","CTSC"
"936","CTSH"
"937","CTSK"
"938","CTSL"
"939","CTSV"
"940","CTTN"
"941","CTTNBP2"
"942","CUL4A"
"943","CUL7"
"944","CUSTOS"
"945","CUX1"
"946","CUX2"
"947","CX3CL1"
"948","CX3CR1"
"949","CXADR"
"950","CXCL1"
"951","CXCL10"
"952","CXCL12"
"953","CXCL13"
"954","CXCL17"
"955","CXCL8"
"956","CXCR2"
"957","CXCR3"
"958","CXCR4"
"959","CXCR5"
"960","CXXC4"
"961","CYB5D2"
"962","CYBB"
"963","CYFIP1"
"964","CYFIP2"
"965","CYLC1"
"966","CYLC2"
"967","CYP19A1"
"968","CYP1A1"
"969","CYP1A2"
"970","CYP1B1"
"971","CYP26A1"
"972","CYP26B1"
"973","CYP26C1"
"974","CYP27B1"
"975","CYP46A1"
"976","CYP4A11"
"977","CYP4A22"
"978","CYP51A1"
"979","CYP7B1"
"980","CYTL1"
"981","DAAM2"
"982","DAB1"
"983","DAB2"
"984","DAB2IP"
"985","DACH1"
"986","DACH2"
"987","DACT1"
"988","DACT2"
"989","DAGLA"
"990","DAGLB"
"991","DAND5"
"992","DAW1"
"993","DAZ1"
"994","DAZ2"
"995","DAZ3"
"996","DAZ4"
"997","DAZAP1"
"998","DAZL"
"999","DBN1"
"1000","DBNL"
"1001","DBP"
"1002","DBX1"
"1003","DCAF1"
"1004","DCAF7"
"1005","DCANP1"
"1006","DCC"
"1007","DCDC2"
"1008","DCHS1"
"1009","DCHS2"
"1010","DCLK1"
"1011","DCLK2"
"1012","DCLRE1C"
"1013","DCN"
"1014","DCSTAMP"
"1015","DCT"
"1016","DCTN1"
"1017","DCTN5"
"1018","DCX"
"1019","DDAH1"
"1020","DDC"
"1021","DDIT3"
"1022","DDIT4"
"1023","DDR1"
"1024","DDR2"
"1025","DDX11"
"1026","DDX25"
"1027","DDX39B"
"1028","DDX4"
"1029","DDX5"
"1030","DEDD"
"1031","DGAT2"
"1032","DGCR2"
"1033","DGCR6"
"1034","DGKD"
"1035","DGKG"
"1036","DHCR24"
"1037","DHFR"
"1038","DHH"
"1039","DHODH"
"1040","DHRS2"
"1041","DHRS3"
"1042","DHTKD1"
"1043","DHX35"
"1044","DHX36"
"1045","DHX37"
"1046","DIAPH2"
"1047","DICER1"
"1048","DIEXF"
"1049","DIO3"
"1050","DIP2A"
"1051","DIP2B"
"1052","DIPK2A"
"1053","DISC1"
"1054","DISP1"
"1055","DIXDC1"
"1056","DKK1"
"1057","DKK2"
"1058","DKK3"
"1059","DKK4"
"1060","DLC1"
"1061","DLG1"
"1062","DLG2"
"1063","DLG3"
"1064","DLG4"
"1065","DLG5"
"1066","DLL1"
"1067","DLL3"
"1068","DLL4"
"1069","DLX1"
"1070","DLX2"
"1071","DLX3"
"1072","DLX4"
"1073","DLX5"
"1074","DLX6"
"1075","DMBT1"
"1076","DMBX1"
"1077","DMC1"
"1078","DMD"
"1079","DMP1"
"1080","DMRT1"
"1081","DMRT2"
"1082","DMRT3"
"1083","DMRTA1"
"1084","DMRTA2"
"1085","DMTN"
"1086","DNAAF1"
"1087","DNAAF2"
"1088","DNAAF4"
"1089","DNAH11"
"1090","DNAH5"
"1091","DNAI1"
"1092","DNAI2"
"1093","DNAI4"
"1094","DNAJB1"
"1095","DNAJC19"
"1096","DNAJC30"
"1097","DNASE1L2"
"1098","DND1"
"1099","DNER"
"1100","DNM1L"
"1101","DNM2"
"1102","DNM3"
"1103","DNMT1"
"1104","DNMT3A"
"1105","DOC2A"
"1106","DOCK10"
"1107","DOCK11"
"1108","DOCK2"
"1109","DOCK7"
"1110","DOK1"
"1111","DOK2"
"1112","DOK4"
"1113","DOK5"
"1114","DOK6"
"1115","DONSON"
"1116","DOP1B"
"1117","DPCD"
"1118","DPF1"
"1119","DPF2"
"1120","DPF3"
"1121","DPPA2"
"1122","DPPA3"
"1123","DPPA4"
"1124","DPPA5"
"1125","DPY19L2"
"1126","DPYSL2"
"1127","DPYSL3"
"1128","DPYSL4"
"1129","DPYSL5"
"1130","DRAXIN"
"1131","DRC1"
"1132","DRD1"
"1133","DRD2"
"1134","DRD3"
"1135","DRGX"
"1136","DROSHA"
"1137","DRP2"
"1138","DSC1"
"1139","DSC2"
"1140","DSC3"
"1141","DSCAM"
"1142","DSCAML1"
"1143","DSG1"
"1144","DSG2"
"1145","DSG3"
"1146","DSG4"
"1147","DSP"
"1148","DSPP"
"1149","DTNB"
"1150","DTNBP1"
"1151","DTX1"
"1152","DUOX1"
"1153","DUOX2"
"1154","DUSP1"
"1155","DUSP10"
"1156","DUSP2"
"1157","DUSP4"
"1158","DUSP5"
"1159","DUSP6"
"1160","DUSP9"
"1161","DUX4"
"1162","DVL1P1"
"1163","DYM"
"1164","DYNC2H1"
"1165","DYNC2I1"
"1166","DYNC2LI1"
"1167","DYRK1A"
"1168","DYRK1B"
"1169","DYRK3"
"1170","DZIP1"
"1171","DZIP1L"
"1172","E2F1"
"1173","E2F2"
"1174","E2F7"
"1175","E2F8"
"1176","EBF1"
"1177","EBF2"
"1178","EBF3"
"1179","EBF4"
"1180","EBP"
"1181","ECE1"
"1182","ECM1"
"1183","ECRG4"
"1184","ECSCR"
"1185","ECT2"
"1186","EDA"
"1187","EDA2R"
"1188","EDAR"
"1189","EDARADD"
"1190","EDIL3"
"1191","EDN1"
"1192","EDN2"
"1193","EDN3"
"1194","EDNRA"
"1195","EDNRB"
"1196","EED"
"1197","EEF1AKMT4-ECE2"
"1198","EEF2K"
"1199","EFEMP1"
"1200","EFEMP2"
"1201","EFHC1"
"1202","EFHD1"
"1203","EFNA1"
"1204","EFNA2"
"1205","EFNA3"
"1206","EFNA4"
"1207","EFNA5"
"1208","EFNB1"
"1209","EFNB2"
"1210","EFNB3"
"1211","EGF"
"1212","EGFL6"
"1213","EGFL7"
"1214","EGFL8"
"1215","EGFLAM"
"1216","EGFR"
"1217","EGLN1"
"1218","EGR1"
"1219","EGR2"
"1220","EGR3"
"1221","EHD1"
"1222","EHF"
"1223","EHMT1"
"1224","EHMT2"
"1225","EID2B"
"1226","EIF2AK3"
"1227","EIF2AK4"
"1228","EIF2B2"
"1229","EIF2B4"
"1230","EIF2B5"
"1231","EIF4E"
"1232","EIF4EBP1"
"1233","EIF6"
"1234","ELAPOR2"
"1235","ELAVL3"
"1236","ELAVL4"
"1237","ELF3"
"1238","ELK3"
"1239","ELL3"
"1240","ELN"
"1241","ELP3"
"1242","EMB"
"1243","EMC10"
"1244","EMG1"
"1245","EMILIN1"
"1246","emilin2_human"
"1247","EML1"
"1248","EMP2"
"1249","EMX1"
"1250","EMX2"
"1251","EN1"
"1252","EN2"
"1253","ENAH"
"1254","ENAM"
"1255","ENC1"
"1256","ENDOG"
"1257","ENG"
"1258","ENKUR"
"1259","ENPEP"
"1260","ENPP1"
"1261","ENPP2"
"1262","ENTPD7"
"1263","EOMES"
"1264","EP300"
"1265","EPAS1"
"1266","EPB41L3"
"1267","EPB41L5"
"1268","EPB42"
"1269","EPC1"
"1270","EPCAM"
"1271","EPGN"
"1272","EPHA1"
"1273","EPHA10"
"1274","EPHA2"
"1275","EPHA3"
"1276","EPHA4"
"1277","EPHA5"
"1278","EPHA6"
"1279","EPHA7"
"1280","EPHA8"
"1281","EPHB1"
"1282","EPHB2"
"1283","EPHB3"
"1284","EPHB4"
"1285","EPHB6"
"1286","EPN2"
"1287","EPO"
"1288","EPOP"
"1289","EPOR"
"1290","EPYC"
"1291","ERAP1"
"1292","ERBB2"
"1293","ERBB3"
"1294","ERBB4"
"1295","ERC1"
"1296","ERCC1"
"1297","ERCC2"
"1298","ERCC3"
"1299","ERCC6"
"1300","EREG"
"1301","ERG"
"1302","ERMARD"
"1303","ERO1A"
"1304","ERRFI1"
"1305","ESCO2"
"1306","ESM1"
"1307","ESR1"
"1308","ESRP1"
"1309","ESRP2"
"1310","ESRRA"
"1311","ESRRB"
"1312","ESS2"
"1313","ETNK2"
"1314","ETS1"
"1315","ETS2"
"1316","ETV1"
"1317","ETV2"
"1318","ETV4"
"1319","ETV5"
"1320","ETV6"
"1321","ETV7"
"1322","EURL"
"1323","EVC"
"1324","EVI2B"
"1325","EVL"
"1326","EVPL"
"1327","EVX1"
"1328","EVX2"
"1329","EXO1"
"1330","EXOC4"
"1331","EXOSC3"
"1332","EXOSC6"
"1333","EXPH5"
"1334","EXT1"
"1335","EXT2"
"1336","EXTL1"
"1337","EYA1"
"1338","EYA2"
"1339","EYA3"
"1340","EYA4"
"1341","EZH1"
"1342","EZH2"
"1343","EZR"
"1344","F11R"
"1345","F2"
"1346","F2RL1"
"1347","F3"
"1348","F7"
"1349","FA2H"
"1350","FABP7"
"1351","FADD"
"1352","FAIM"
"1353","FAIM2"
"1354","FAM126A"
"1355","FAM172A"
"1356","FAM20A"
"1357","FAM20C"
"1358","FAM210B"
"1359","FAM3C"
"1360","FAM83D"
"1361","FAM83H"
"1362","FAM92A"
"1363","FANCA"
"1364","FANCC"
"1365","FANCG"
"1366","FAP"
"1367","FARP1"
"1368","FARP2"
"1369","FASLG"
"1370","FASN"
"1371","FAT1"
"1372","FAT3"
"1373","FAT4"
"1374","FAXDC2"
"1375","FBLL1"
"1376","FBLN1"
"1377","FBN1"
"1378","FBN2"
"1379","FBXL15"
"1380","FBXL17"
"1381","FBXO31"
"1382","FBXO45"
"1383","FBXO5"
"1384","FBXO7"
"1385","FBXW11"
"1386","FBXW7"
"1387","FBXW8"
"1388","FCER1G"
"1389","FCGR2B"
"1390","FCRL3"
"1391","FERD3L"
"1392","FERMT1"
"1393","FERMT2"
"1394","FES"
"1395","FEV"
"1396","FEZ1"
"1397","FEZ2"
"1398","FEZF1"
"1399","FEZF2"
"1400","FGD1"
"1401","FGF1"
"1402","FGF10"
"1403","FGF11"
"1404","FGF12"
"1405","FGF13"
"1406","FGF14"
"1407","FGF16"
"1408","FGF17"
"1409","FGF18"
"1410","FGF19"
"1411","FGF2"
"1412","FGF20"
"1413","FGF21"
"1414","FGF22"
"1415","FGF23"
"1416","FGF3"
"1417","FGF4"
"1418","FGF5"
"1419","FGF6"
"1420","FGF7"
"1421","FGF8"
"1422","FGF9"
"1423","FGFR1"
"1424","FGFR2"
"1425","FGFR3"
"1426","FGFR4"
"1427","FGFRL1"
"1428","FGL1"
"1429","FGL2"
"1430","FGR"
"1431","FHL1"
"1432","FHL2"
"1433","FHL3"
"1434","FHOD3"
"1435","FIG4"
"1436","FIGLA"
"1437","FJX1"
"1438","FKBP10"
"1439","FKBPL"
"1440","FKTN"
"1441","FLG"
"1442","FLG2"
"1443","FLI1"
"1444","FLII"
"1445","FLNA"
"1446","FLNB"
"1447","FLOT1"
"1448","FLRT1"
"1449","FLRT2"
"1450","FLRT3"
"1451","FLT1"
"1452","FLT3"
"1453","FLT3LG"
"1454","FLT4"
"1455","FLVCR1"
"1456","FMN1"
"1457","FMN2"
"1458","FMNL3"
"1459","FMR1"
"1460","FN1"
"1461","FNDC3A"
"1462","FNIP1"
"1463","FOLR1"
"1464","FOS"
"1465","FOSL1"
"1466","FOSL2"
"1467","FOXA1"
"1468","FOXA2"
"1469","FOXA3"
"1470","FOXB1"
"1471","FOXC1"
"1472","FOXC2"
"1473","FOXD1"
"1474","FOXD3"
"1475","FOXE1"
"1476","FOXE3"
"1477","FOXF1"
"1478","FOXF2"
"1479","FOXG1"
"1480","FOXH1"
"1481","FOXI1"
"1482","FOXJ1"
"1483","FOXK1"
"1484","FOXL1"
"1485","FOXL2"
"1486","FOXN1"
"1487","FOXN2"
"1488","FOXN3"
"1489","FOXN4"
"1490","FOXO1"
"1491","FOXO3"
"1492","FOXO4"
"1493","FOXP1"
"1494","FOXP2"
"1495","FOXP3"
"1496","FOXQ1"
"1497","FOXS1"
"1498","FPGS"
"1499","FPR2"
"1500","FRAS1"
"1501","FREM1"
"1502","FREM2"
"1503","FRMD7"
"1504","FRS2"
"1505","FRY"
"1506","FRYL"
"1507","FRZB"
"1508","FSCN2"
"1509","FSHB"
"1510","FSHR"
"1511","FST"
"1512","FSTL1"
"1513","FSTL3"
"1514","FSTL4"
"1515","FSTL5"
"1516","FTO"
"1517","FUT1"
"1518","FUT10"
"1519","FUT7"
"1520","FUT8"
"1521","FUT9"
"1522","FUZ"
"1523","FXN"
"1524","FXR1"
"1525","FYN"
"1526","FZD1"
"1527","FZD10"
"1528","FZD2"
"1529","FZD3"
"1530","FZD4"
"1531","FZD5"
"1532","FZD6"
"1533","FZD7"
"1534","FZD8"
"1535","FZD9"
"1536","G2E3"
"1537","G6PD"
"1538","GAB1"
"1539","GAB2"
"1540","GAB3"
"1541","GABPA"
"1542","GABRA1"
"1543","GABRA2"
"1544","GABRA5"
"1545","GABRB1"
"1546","GABRB2"
"1547","GABRB3"
"1548","GABRG2"
"1549","GADD45A"
"1550","GADD45B"
"1551","GADD45G"
"1552","GAL"
"1553","GAL3ST1"
"1554","GALC"
"1555","GALR2"
"1556","GAMT"
"1557","GAP43"
"1558","GART"
"1559","GAS2"
"1560","GAS6"
"1561","GAS7"
"1562","GATA1"
"1563","GATA2"
"1564","GATA3"
"1565","GATA4"
"1566","GATA5"
"1567","GATA6"
"1568","GATM"
"1569","GBA"
"1570","GBX1"
"1571","GBX2"
"1572","GCM1"
"1573","GCM2"
"1574","GCNT1"
"1575","GCNT2"
"1576","GCNT3"
"1577","GCNT4"
"1578","GDA"
"1579","GDF10"
"1580","GDF11"
"1581","GDF2"
"1582","GDF3"
"1583","GDF5"
"1584","GDF6"
"1585","GDF7"
"1586","GDF9"
"1587","GDNF"
"1588","GDPD5"
"1589","GFAP"
"1590","GFER"
"1591","GFI1"
"1592","GFI1B"
"1593","GFRA1"
"1594","GFRA2"
"1595","GFRA3"
"1596","GFRA4"
"1597","GFRAL"
"1598","GGN"
"1599","GGNBP1"
"1600","GGNBP2"
"1601","GH1"
"1602","GH2"
"1603","GHR"
"1604","GHRH"
"1605","GHRHR"
"1606","GHRL"
"1607","GHSR"
"1608","GIGYF2"
"1609","GINS1"
"1610","GINS4"
"1611","GIP"
"1612","GIPR"
"1613","GIT1"
"1614","GJA1"
"1615","GJA10"
"1616","GJA4"
"1617","GJA5"
"1618","GJA8"
"1619","GJB1"
"1620","GJB2"
"1621","GJB3"
"1622","GJB5"
"1623","GJB6"
"1624","GJC1"
"1625","GJC2"
"1626","GJE1"
"1627","GLDN"
"1628","GLI1"
"1629","GLI2"
"1630","GLI3"
"1631","GLIS2"
"1632","GLMN"
"1633","GLRB"
"1634","GLUD1"
"1635","GLUL"
"1636","GMCL1"
"1637","GMCL2"
"1638","GMFB"
"1639","GMNN"
"1640","GNA11"
"1641","GNAI3"
"1642","GNAO1"
"1643","GNAS"
"1644","GNAT1"
"1645","GNB4"
"1646","GNG12"
"1647","GNG8"
"1648","GNGT1"
"1649","GNPNAT1"
"1650","GNRH1"
"1651","GNRH2"
"1652","GNRHR"
"1653","GON4L"
"1654","GORAB"
"1655","GORASP1"
"1656","GOT2"
"1657","GP1BA"
"1658","GPC1"
"1659","GPC2"
"1660","GPC3"
"1661","GPCPD1"
"1662","GPER1"
"1663","GPLD1"
"1664","GPM6A"
"1665","GPM6B"
"1666","GPNMB"
"1667","GPR137"
"1668","GPR137B"
"1669","GPR149"
"1670","GPR157"
"1671","GPR161"
"1672","GPR171"
"1673","GPR18"
"1674","GPR183"
"1675","GPR37L1"
"1676","GPR4"
"1677","GPR55"
"1678","GPR65"
"1679","GPR68"
"1680","GPR89A"
"1681","GPR89B"
"1682","GPRIN1"
"1683","GPRIN2"
"1684","GPRIN3"
"1685","GPS2"
"1686","GPSM1"
"1687","GRB10"
"1688","GRB7"
"1689","GREB1"
"1690","GREB1L"
"1691","GREM1"
"1692","GREM2"
"1693","GRHL1"
"1694","GRHL2"
"1695","GRHL3"
"1696","GRID2"
"1697","GRIK1"
"1698","GRIN1"
"1699","GRIN2A"
"1700","GRIN2B"
"1701","GRIN2C"
"1702","GRIN2D"
"1703","GRIN3A"
"1704","GRIP1"
"1705","GRM6"
"1706","GRM7"
"1707","GRSF1"
"1708","GRXCR1"
"1709","GRXCR2"
"1710","GSC"
"1711","GSDME"
"1712","GSK3B"
"1713","GSN"
"1714","GSTM3"
"1715","GSTP1"
"1716","GSX1"
"1717","GSX2"
"1718","GTF2I"
"1719","GTF2IRD1"
"1720","GTF3C5"
"1721","GUSBP1"
"1722","GYS1"
"1723","GZF1"
"1724","H1-6"
"1725","H1-7"
"1726","H1-9P"
"1727","H2AX"
"1728","H2BS1"
"1729","H3-3A"
"1730","H3-5"
"1731","H3BNH8"
"1732","H3C1"
"1733","H3C13"
"1734","H4-16"
"1735","HACD1"
"1736","HAMP"
"1737","HAND1"
"1738","HAND2"
"1739","HAP1"
"1740","HAPLN1"
"1741","HAPLN2"
"1742","HAPLN3"
"1743","HAPLN4"
"1744","HAS2"
"1745","HAVCR2"
"1746","HBEGF"
"1747","HCCS"
"1748","HCLS1"
"1749","HCN1"
"1750","HCN4"
"1751","HDAC1"
"1752","HDAC10"
"1753","HDAC11"
"1754","HDAC2"
"1755","HDAC4"
"1756","HDAC5"
"1757","HDAC6"
"1758","HDAC7"
"1759","HDAC9"
"1760","HDGFL3"
"1761","HECA"
"1762","HEG1"
"1763","HELLS"
"1764","HELT"
"1765","HEMGN"
"1766","HERC1"
"1767","HES1"
"1768","HES2"
"1769","HES3"
"1770","HES4"
"1771","HES5"
"1772","HES6"
"1773","HES7"
"1774","HESX1"
"1775","HEXB"
"1776","HEY1"
"1777","HEY2"
"1778","HEYL"
"1779","HFE"
"1780","HGF"
"1781","HHAT"
"1782","HHEX"
"1783","HHIP"
"1784","HIC1"
"1785","HIF1A"
"1786","HIF3A"
"1787","HIKESHI"
"1788","HINFP"
"1789","HIP1R"
"1790","HIPK2"
"1791","HIVEP3"
"1792","HK2"
"1793","HLA-DOA"
"1794","HLA-DRA"
"1795","HLA-DRB1"
"1796","HLA-G"
"1797","HLF"
"1798","HLX"
"1799","HM13"
"1800","HMG20B"
"1801","HMGA2"
"1802","HMGB3"
"1803","HMGCL"
"1804","HMGCR"
"1805","HMGCS1"
"1806","HMGN1"
"1807","HMOX1"
"1808","HMX1"
"1809","HMX2"
"1810","HMX3"
"1811","HNF1A"
"1812","HNF1B"
"1813","HNF4A"
"1814","HNMT"
"1815","HOMER1"
"1816","HOOK1"
"1817","HOOK3"
"1818","HOPX"
"1819","HORMAD1"
"1820","HOXA1"
"1821","HOXA10"
"1822","HOXA11"
"1823","HOXA13"
"1824","HOXA2"
"1825","HOXA3"
"1826","HOXA4"
"1827","HOXA5"
"1828","HOXA6"
"1829","HOXA7"
"1830","HOXA9"
"1831","HOXB1"
"1832","HOXB13"
"1833","HOXB2"
"1834","HOXB3"
"1835","HOXB4"
"1836","HOXB5"
"1837","HOXB6"
"1838","HOXB7"
"1839","HOXB8"
"1840","HOXB9"
"1841","HOXC10"
"1842","HOXC11"
"1843","HOXC12"
"1844","HOXC13"
"1845","HOXC4"
"1846","HOXC5"
"1847","HOXC6"
"1848","HOXC8"
"1849","HOXC9"
"1850","HOXD1"
"1851","HOXD10"
"1852","HOXD11"
"1853","HOXD12"
"1854","HOXD13"
"1855","HOXD3"
"1856","HOXD4"
"1857","HOXD8"
"1858","HOXD9"
"1859","HPCA"
"1860","HPCAL4"
"1861","HPGD"
"1862","HPN"
"1863","HPRT1"
"1864","HPSE"
"1865","hpse_human-1"
"1866","HRAS"
"1867","HRG"
"1868","HRNR"
"1869","HS3ST6"
"1870","HS6ST1"
"1871","HSD11B1"
"1872","HSD17B1"
"1873","HSD17B2"
"1874","HSD17B3"
"1875","HSD17B4"
"1876","HSD3B1"
"1877","HSD3B2"
"1878","HSF4"
"1879","HSP90AA1"
"1880","HSPA1A"
"1881","HSPA1B"
"1882","HSPA5"
"1883","HSPB1"
"1884","HSPB11"
"1885","HSPB6"
"1886","HSPB7"
"1887","HSPG2"
"1888","HTATIP2"
"1889","HTN1"
"1890","HTN3"
"1891","HTR2B"
"1892","HTR5A"
"1893","HTR6"
"1894","HTRA1"
"1895","HTRA2"
"1896","HUNK"
"1897","HUS1"
"1898","HYAL1"
"1899","HYAL2"
"1900","HYAL3"
"1901","HYDIN"
"1902","IBSP"
"1903","ICAM1"
"1904","ICOS"
"1905","ID1"
"1906","ID2"
"1907","ID3"
"1908","IDE"
"1909","IDH1"
"1910","IDH2"
"1911","IER2"
"1912","IFI16"
"1913","IFITM5"
"1914","IFNA1"
"1915","IFNA10"
"1916","IFNA14"
"1917","IFNA16"
"1918","IFNA17"
"1919","IFNA2"
"1920","IFNA21"
"1921","IFNA4"
"1922","IFNA5"
"1923","IFNA6"
"1924","IFNA7"
"1925","IFNA8"
"1926","IFNB1"
"1927","IFNE"
"1928","IFNG"
"1929","IFNK"
"1930","IFNL1"
"1931","IFNW1"
"1932","IFT122"
"1933","IFT140"
"1934","IFT172"
"1935","IFT20"
"1936","IFT27"
"1937","IFT52"
"1938","IFT57"
"1939","IFT74"
"1940","IFT80"
"1941","IFT88"
"1942","IGF1"
"1943","IGF1R"
"1944","IGF2"
"1945","IGF2BP1"
"1946","IGF2BP2"
"1947","IGF2BP3"
"1948","IGF2R"
"1949","IGFBP5"
"1950","IGFBP7"
"1951","IGFN1"
"1952","IGSF10"
"1953","IGSF21"
"1954","IGSF3"
"1955","IGSF9"
"1956","IGSF9B"
"1957","IHH"
"1958","IKBKB"
"1959","IKZF1"
"1960","IKZF3"
"1961","IL10"
"1962","IL11"
"1963","IL12B"
"1964","IL12RB1"
"1965","IL13"
"1966","IL15"
"1967","IL15RA"
"1968","IL17A"
"1969","IL17D"
"1970","IL17F"
"1971","IL18"
"1972","IL18R1"
"1973","IL1A"
"1974","IL1B"
"1975","IL1RAP"
"1976","IL1RAPL1"
"1977","IL1RAPL2"
"1978","IL1RL2"
"1979","IL2"
"1980","IL20"
"1981","IL21"
"1982","IL23A"
"1983","IL23R"
"1984","IL25"
"1985","IL27"
"1986","IL2RA"
"1987","IL3"
"1988","IL31RA"
"1989","IL34"
"1990","IL36B"
"1991","IL4"
"1992","IL4I1"
"1993","IL4R"
"1994","IL5"
"1995","IL6"
"1996","IL6R"
"1997","IL6ST"
"1998","IL7"
"1999","IL7R"
"2000","ILDR2"
"2001","ILK"
"2002","IMMP2L"
"2003","IMPACT"
"2004","IMPDH2"
"2005","INA"
"2006","ING2"
"2007","INHA"
"2008","INHBA"
"2009","INHBB"
"2010","INPP5B"
"2011","INPP5D"
"2012","INPPL1"
"2013","INSC"
"2014","INSIG1"
"2015","INSIG2"
"2016","INSL3"
"2017","INSM1"
"2018","INSM2"
"2019","INSR"
"2020","INSRR"
"2021","INTU"
"2022","INVS"
"2023","IQCE"
"2024","IQGAP1"
"2025","IREB2"
"2026","IRF1"
"2027","IRF4"
"2028","IRF6"
"2029","IRF7"
"2030","IRF8"
"2031","IRS2"
"2032","IRX1"
"2033","IRX2"
"2034","IRX3"
"2035","IRX4"
"2036","IRX5"
"2037","IRX6"
"2038","ISG15"
"2039","ISL1"
"2040","ISL2"
"2041","ISLR2"
"2042","ISM1"
"2043","IST1"
"2044","ISX"
"2045","ITFG2"
"2046","ITGA1"
"2047","ITGA11"
"2048","ITGA2"
"2049","ITGA2B"
"2050","ITGA3"
"2051","ITGA4"
"2052","ITGA5"
"2053","ITGA6"
"2054","ITGA7"
"2055","ITGA8"
"2056","ITGAM"
"2057","ITGAV"
"2058","ITGAX"
"2059","ITGB1"
"2060","ITGB1BP1"
"2061","ITGB1BP2"
"2062","ITGB2"
"2063","ITGB3"
"2064","ITGB4"
"2065","ITGB5"
"2066","ITGB6"
"2067","ITGB8"
"2068","ITK"
"2069","ITM2A"
"2070","ITM2C"
"2071","ITPKA"
"2072","ITPKB"
"2073","ITPR1"
"2074","ITSN1"
"2075","IVL"
"2076","J3QT63"
"2077","JAG1"
"2078","JAG2"
"2079","JAK2"
"2080","JAK3"
"2081","JAM2"
"2082","JAM3"
"2083","JARID2"
"2084","JCAD"
"2085","JHY"
"2086","JMJD6"
"2087","JMJD8"
"2088","JPH1"
"2089","JPH2"
"2090","JRKL"
"2091","JUN"
"2092","JUNB"
"2093","JUP"
"2094","KALRN"
"2095","KANK2"
"2096","KAT2A"
"2097","KAT2B"
"2098","KAT6A"
"2099","KAT7"
"2100","KAZALD1"
"2101","KAZN"
"2102","KBTBD8"
"2103","KCNA1"
"2104","KCNA2"
"2105","KCNAB1"
"2106","KCNC1"
"2107","KCNC2"
"2108","KCNE2"
"2109","KCNIP2"
"2110","KCNJ10"
"2111","KCNJ8"
"2112","KCNK2"
"2113","KCNK3"
"2114","KCNQ1"
"2115","KCNQ2"
"2116","KCNQ4"
"2117","KCP"
"2118","KCTD11"
"2119","KCTD15"
"2120","KDF1"
"2121","KDM1B"
"2122","KDM2B"
"2123","KDM4A"
"2124","KDM5A"
"2125","KDM5B"
"2126","KDM6A"
"2127","KDM6B"
"2128","KDM7A"
"2129","KDR"
"2130","KEL"
"2131","KERA"
"2132","KHDC3L"
"2133","KIAA0319"
"2134","KIAA1107"
"2135","KIAA1217"
"2136","KIDINS220"
"2137","KIF14"
"2138","KIF16B"
"2139","KIF18A"
"2140","KIF1A"
"2141","KIF20B"
"2142","KIF26A"
"2143","KIF26B"
"2144","KIF27"
"2145","KIF2A"
"2146","KIF3B"
"2147","KIF5A"
"2148","KIF5C"
"2149","KIFBP"
"2150","KIRREL3"
"2151","KIT"
"2152","KITLG"
"2153","KL"
"2154","KLF1"
"2155","KLF10"
"2156","KLF13"
"2157","KLF15"
"2158","KLF2"
"2159","KLF3"
"2160","KLF4"
"2161","KLF5"
"2162","KLF6"
"2163","KLF7"
"2164","KLHL1"
"2165","KLHL10"
"2166","KLHL12"
"2167","KLHL17"
"2168","KLHL3"
"2169","KLHL40"
"2170","KLHL41"
"2171","KLK12"
"2172","KLK13"
"2173","KLK14"
"2174","KLK3"
"2175","KLK4"
"2176","KLK5"
"2177","KLK6"
"2178","KLK8"
"2179","KLRC1"
"2180","KMT2A"
"2181","KMT2B"
"2182","KMT2C"
"2183","KMT2D"
"2184","KMT2E"
"2185","KMT5B"
"2186","KNDC1"
"2187","KPNA7"
"2188","KREMEN1"
"2189","KREMEN2"
"2190","KRIT1"
"2191","KRT1"
"2192","KRT10"
"2193","KRT12"
"2194","KRT13"
"2195","KRT14"
"2196","KRT15"
"2197","KRT16"
"2198","KRT17"
"2199","KRT18"
"2200","KRT19"
"2201","KRT2"
"2202","KRT20"
"2203","KRT23"
"2204","KRT24"
"2205","KRT25"
"2206","KRT26"
"2207","KRT27"
"2208","KRT28"
"2209","KRT3"
"2210","KRT31"
"2211","KRT32"
"2212","KRT33A"
"2213","KRT33B"
"2214","KRT34"
"2215","KRT35"
"2216","KRT36"
"2217","KRT37"
"2218","KRT38"
"2219","KRT39"
"2220","KRT4"
"2221","KRT40"
"2222","KRT5"
"2223","KRT6A"
"2224","KRT6B"
"2225","KRT6C"
"2226","KRT7"
"2227","KRT71"
"2228","KRT72"
"2229","KRT73"
"2230","KRT74"
"2231","KRT75"
"2232","KRT76"
"2233","KRT77"
"2234","KRT78"
"2235","KRT79"
"2236","KRT8"
"2237","KRT80"
"2238","KRT81"
"2239","KRT82"
"2240","KRT83"
"2241","KRT84"
"2242","KRT85"
"2243","KRT86"
"2244","KRT9"
"2245","KRTAP1-1"
"2246","KRTAP1-3"
"2247","KRTAP1-4"
"2248","KRTAP1-5"
"2249","KRTAP10-1"
"2250","KRTAP10-10"
"2251","KRTAP10-11"
"2252","KRTAP10-12"
"2253","KRTAP10-2"
"2254","KRTAP10-3"
"2255","KRTAP10-4"
"2256","KRTAP10-5"
"2257","KRTAP10-6"
"2258","KRTAP10-7"
"2259","KRTAP10-8"
"2260","KRTAP10-9"
"2261","KRTAP11-1"
"2262","KRTAP12-1"
"2263","KRTAP12-2"
"2264","KRTAP12-3"
"2265","KRTAP12-4"
"2266","KRTAP13-1"
"2267","KRTAP13-2"
"2268","KRTAP13-3"
"2269","KRTAP13-4"
"2270","KRTAP15-1"
"2271","KRTAP16-1"
"2272","KRTAP17-1"
"2273","KRTAP19-1"
"2274","KRTAP19-2"
"2275","KRTAP19-3"
"2276","KRTAP19-4"
"2277","KRTAP19-5"
"2278","KRTAP19-6"
"2279","KRTAP19-7"
"2280","KRTAP19-8"
"2281","KRTAP2-1"
"2282","KRTAP2-2"
"2283","KRTAP2-3"
"2284","KRTAP2-4"
"2285","KRTAP20-1"
"2286","KRTAP20-2"
"2287","KRTAP21-1"
"2288","KRTAP21-2"
"2289","KRTAP21-3"
"2290","KRTAP22-1"
"2291","KRTAP23-1"
"2292","KRTAP24-1"
"2293","KRTAP25-1"
"2294","KRTAP26-1"
"2295","KRTAP27-1"
"2296","KRTAP29-1"
"2297","KRTAP3-1"
"2298","KRTAP3-2"
"2299","KRTAP3-3"
"2300","KRTAP4-1"
"2301","KRTAP4-11"
"2302","KRTAP4-2"
"2303","KRTAP4-3"
"2304","KRTAP4-4"
"2305","KRTAP4-5"
"2306","KRTAP4-6"
"2307","KRTAP4-7"
"2308","KRTAP4-8"
"2309","KRTAP4-9"
"2310","KRTAP5-1"
"2311","KRTAP5-10"
"2312","KRTAP5-11"
"2313","KRTAP5-2"
"2314","KRTAP5-3"
"2315","KRTAP5-4"
"2316","KRTAP5-5"
"2317","KRTAP5-6"
"2318","KRTAP5-7"
"2319","KRTAP5-8"
"2320","KRTAP5-9"
"2321","KRTAP6-1"
"2322","KRTAP6-2"
"2323","KRTAP6-3"
"2324","KRTAP8-1"
"2325","KRTAP9-1"
"2326","KRTAP9-2"
"2327","KRTAP9-3"
"2328","KRTAP9-4"
"2329","KRTAP9-6"
"2330","KRTAP9-7"
"2331","KRTAP9-8"
"2332","KRTAP9-9"
"2333","L1CAM"
"2334","L3MBTL1"
"2335","L3MBTL3"
"2336","LAG3"
"2337","LAMA1"
"2338","LAMA2"
"2339","LAMA3"
"2340","LAMA4"
"2341","LAMA5"
"2342","LAMB1"
"2343","LAMB2"
"2344","LAMB3"
"2345","LAMB4"
"2346","LAMC1"
"2347","LAMC2"
"2348","LAMC3"
"2349","LARGE1"
"2350","LATS1"
"2351","LBH"
"2352","LBR"
"2353","LBX1"
"2354","LCE1A"
"2355","LCE1B"
"2356","LCE1C"
"2357","LCE1D"
"2358","LCE1E"
"2359","LCE1F"
"2360","LCE2A"
"2361","LCE2B"
"2362","LCE2C"
"2363","LCE2D"
"2364","LCE3A"
"2365","LCE3B"
"2366","LCE3C"
"2367","LCE3D"
"2368","LCE3E"
"2369","LCE4A"
"2370","LCE5A"
"2371","LCE6A"
"2372","LCK"
"2373","LCLAT1"
"2374","LCP1"
"2375","LCTL"
"2376","LDB2"
"2377","LDB3"
"2378","LDHA"
"2379","LDLR"
"2380","LECT2"
"2381","LEF1"
"2382","LEFTY1"
"2383","LEFTY2"
"2384","LEG1"
"2385","LENEP"
"2386","LEO1"
"2387","LEP"
"2388","LEPR"
"2389","LFNG"
"2390","LGALS1"
"2391","LGALS12"
"2392","LGALS3"
"2393","LGALS8"
"2394","LGALS9"
"2395","LGI1"
"2396","LGI2"
"2397","LGI4"
"2398","LGR4"
"2399","LGR5"
"2400","LGR6"
"2401","LHB"
"2402","LHCGR"
"2403","LHFPL2"
"2404","LHFPL5"
"2405","LHX1"
"2406","LHX2"
"2407","LHX3"
"2408","LHX4"
"2409","LHX5"
"2410","LHX6"
"2411","LHX8"
"2412","LHX9"
"2413","LIAS"
"2414","LIF"
"2415","LIG1"
"2416","LIG3"
"2417","LIG4"
"2418","LILRB1"
"2419","LILRB2"
"2420","LILRB3"
"2421","LILRB4"
"2422","LIM2"
"2423","LIMK1"
"2424","LIMK2"
"2425","LIMS1"
"2426","LIN28A"
"2427","LIN7A"
"2428","LINC01587"
"2429","LINGO1"
"2430","LINGO2"
"2431","LIPA"
"2432","LIPK"
"2433","LIPM"
"2434","LIPN"
"2435","LLGL1"
"2436","LLPH"
"2437","LMBR1"
"2438","LMBR1L"
"2439","LMBRD1"
"2440","LMO2"
"2441","LMOD3"
"2442","LMTK2"
"2443","LMX1A"
"2444","LMX1B"
"2445","LNPK"
"2446","LOC112267897"
"2447","LOC647264"
"2448","LORICRIN"
"2449","LOX"
"2450","LOXL1"
"2451","LOXL2"
"2452","LOXL3"
"2453","LPAR1"
"2454","LPAR3"
"2455","LPAR6"
"2456","LPCAT1"
"2457","LPIN1"
"2458","LRG1"
"2459","LRIG1"
"2460","LRIG2"
"2461","LRIG3"
"2462","LRP1"
"2463","LRP10"
"2464","LRP12"
"2465","LRP2"
"2466","LRP4"
"2467","LRP5"
"2468","LRP5L"
"2469","LRP6"
"2470","LRP8"
"2471","LRRC10"
"2472","LRRC17"
"2473","LRRC24"
"2474","LRRC4"
"2475","LRRC4B"
"2476","LRRC6"
"2477","LRRC7"
"2478","LRRC8A"
"2479","LRRK1"
"2480","LRRK2"
"2481","LRRN1"
"2482","LRRN3"
"2483","LRRTM2"
"2484","LRRTM3"
"2485","LRTM1"
"2486","LRTM2"
"2487","LRTOMT"
"2488","LSAMP"
"2489","LSR"
"2490","LST1"
"2491","LTA"
"2492","LTB"
"2493","LTBP3"
"2494","LTBP4"
"2495","LTBR"
"2496","LTF"
"2497","LTK"
"2498","LUM"
"2499","LUZP1"
"2500","LY6D"
"2501","LY6H"
"2502","LY9"
"2503","LYAR"
"2504","LYL1"
"2505","LYN"
"2506","LYPLA2"
"2507","M0QYC6"
"2508","MAB21L1"
"2509","MAB21L2"
"2510","MACO1"
"2511","MACROH2A1"
"2512","MACROH2A2"
"2513","MAD1L1"
"2514","MAEL"
"2515","MAF"
"2516","MAFB"
"2517","MAFF"
"2518","MAFG"
"2519","MAG"
"2520","MAGI2"
"2521","MAK"
"2522","MAL"
"2523","MAL2"
"2524","MALL"
"2525","MALT1"
"2526","MAMLD1"
"2527","MAN2A1"
"2528","MANF"
"2529","MAOB"
"2530","MAP1A"
"2531","MAP1B"
"2532","MAP1S"
"2533","MAP2"
"2534","MAP2K4"
"2535","MAP2K5"
"2536","MAP2K6"
"2537","MAP3K13"
"2538","MAP3K20"
"2539","MAP3K4"
"2540","MAP4K4"
"2541","MAP6"
"2542","MAPK11"
"2543","MAPK12"
"2544","MAPK14"
"2545","MAPK7"
"2546","MAPK8IP2"
"2547","MAPKAP1"
"2548","MAPT"
"2549","MARCKS"
"2550","MARCKSL1"
"2551","MARK1"
"2552","MARK2"
"2553","MARK4"
"2554","MARVELD1"
"2555","MAS1"
"2556","MAST1"
"2557","MATN1"
"2558","MATN3"
"2559","MATR3"
"2560","MB"
"2561","MBD3"
"2562","MBD5"
"2563","MBNL1"
"2564","MBNL3"
"2565","MBOAT2"
"2566","MBOAT7"
"2567","MBP"
"2568","MBTD1"
"2569","MBTPS2"
"2570","MC1R"
"2571","MC2R"
"2572","MCAM"
"2573","MCF2"
"2574","MCL1"
"2575","MCM2"
"2576","MCM3AP"
"2577","MCOLN3"
"2578","MCPH1"
"2579","MCTP2"
"2580","MDFI"
"2581","MDGA1"
"2582","MDGA2"
"2583","MDK"
"2584","MDM1"
"2585","MDM2"
"2586","MDM4"
"2587","MECOM"
"2588","MED1"
"2589","MED12"
"2590","MED31"
"2591","MEF2A"
"2592","MEF2B"
"2593","MEF2C"
"2594","MEF2D"
"2595","MEGF10"
"2596","MEGF11"
"2597","MEGF8"
"2598","MEGF9"
"2599","MEIS1"
"2600","MEIS2"
"2601","MEIS3"
"2602","MEIS3P1"
"2603","MEIS3P2"
"2604","MELK"
"2605","MEN1"
"2606","MEOX1"
"2607","MEOX2"
"2608","MEPE"
"2609","MERTK"
"2610","MESP1"
"2611","MESP2"
"2612","MET"
"2613","METRN"
"2614","METTL14"
"2615","METTL3"
"2616","MEX3C"
"2617","MFAP2"
"2618","MFAP5"
"2619","MFGE8"
"2620","MFHAS1"
"2621","MFNG"
"2622","MFRP"
"2623","MFSD2A"
"2624","MFSD8"
"2625","MGAT1"
"2626","MGMT"
"2627","MGP"
"2628","MGST1"
"2629","MIA3"
"2630","MIB1"
"2631","MICAL2"
"2632","MICALCL"
"2633","MICALL1"
"2634","MICALL2"
"2635","MID1"
"2636","MINAR1"
"2637","MINK1"
"2638","MINPP1"
"2639","MITF"
"2640","MIXL1"
"2641","MKKS"
"2642","MKNK2"
"2643","MKS1"
"2644","MKX"
"2645","MLF1"
"2646","MLH1"
"2647","MLLT3"
"2648","MME"
"2649","MMP11"
"2650","MMP12"
"2651","MMP13"
"2652","MMP14"
"2653","MMP15"
"2654","MMP16"
"2655","MMP19"
"2656","MMP2"
"2657","MMP20"
"2658","MMP21"
"2659","MMP24"
"2660","MMP8"
"2661","MMP9"
"2662","MMRN2"
"2663","MMUT"
"2664","MN1"
"2665","MNS1"
"2666","MNT"
"2667","MNX1"
"2668","MOBP"
"2669","MOG"
"2670","MORC1"
"2671","MORC3"
"2672","MOSPD3"
"2673","MOV10"
"2674","MOV10L1"
"2675","MPIG6B"
"2676","MPL"
"2677","MPP5"
"2678","MPST"
"2679","MPV17"
"2680","MPZ"
"2681","MR1"
"2682","MRAS"
"2683","MRTFB"
"2684","MS4A1"
"2685","MSC"
"2686","MSGN1"
"2687","MSH2"
"2688","MSH3"
"2689","MSH4"
"2690","MSH6"
"2691","MSI1"
"2692","MSLN"
"2693","MST1R"
"2694","MSTN"
"2695","MSX1"
"2696","MSX2"
"2697","MT-CO1"
"2698","MT-CO2"
"2699","MT-CYB"
"2700","MT-ND4"
"2701","MT-RNR1"
"2702","MT1G"
"2703","MT3"
"2704","MTERF4"
"2705","MTF1"
"2706","MTF2"
"2707","MTHFD1"
"2708","MTHFD1L"
"2709","MTHFR"
"2710","MTMR2"
"2711","MTNR1B"
"2712","MTR"
"2713","MTSS1"
"2714","MTURN"
"2715","MTX1"
"2716","multimerin2_human"
"2717","MUSK"
"2718","MUSTN1"
"2719","MXRA8"
"2720","MYB"
"2721","MYBPC3"
"2722","MYBPHL"
"2723","MYC"
"2724","MYCBPAP"
"2725","MYCL"
"2726","MYCN"
"2727","MYCNOS"
"2728","MYEF2"
"2729","MYF5"
"2730","MYF6"
"2731","MYH11"
"2732","MYH14"
"2733","MYH15"
"2734","MYH3"
"2735","MYH6"
"2736","MYH7"
"2737","MYL2"
"2738","MYL3"
"2739","MYL6B"
"2740","MYL9"
"2741","MYLIP"
"2742","MYLK"
"2743","MYLK2"
"2744","MYLK3"
"2745","MYLPF"
"2746","MYMK"
"2747","MYMX"
"2748","MYO15A"
"2749","MYO16"
"2750","MYO18B"
"2751","MYO1D"
"2752","MYO1E"
"2753","MYO3A"
"2754","MYO3B"
"2755","MYO6"
"2756","MYO7A"
"2757","MYO7B"
"2758","MYOC"
"2759","MYOCD"
"2760","MYOD1"
"2761","MYOG"
"2762","MYOM1"
"2763","MYOM2"
"2764","MYORG"
"2765","MYOT"
"2766","MYOZ1"
"2767","MYOZ2"
"2768","MYPN"
"2769","MYRF"
"2770","MYSM1"
"2771","MYT1"
"2772","MYT1L"
"2773","N4BP2L2"
"2774","N4BP3"
"2775","NAA15"
"2776","NAB1"
"2777","NAB2"
"2778","NAGLU"
"2779","NAIP"
"2780","NAMPT"
"2781","NANOG"
"2782","NANOS1"
"2783","NANOS2"
"2784","NANOS3"
"2785","NASP"
"2786","NAT8B"
"2787","NAV1"
"2788","NAV2"
"2789","NAV3"
"2790","NBEAL2"
"2791","NBL1"
"2792","NBN"
"2793","NBR1"
"2794","NCAM1"
"2795","NCAM2"
"2796","NCAN"
"2797","NCAPG2"
"2798","NCAPH2"
"2799","NCDN"
"2800","NCK2"
"2801","NCKAP1"
"2802","NCKAP1L"
"2803","NCMAP"
"2804","NCOA1"
"2805","NCOA3"
"2806","NCOA4"
"2807","NCOA6"
"2808","NCOR2"
"2809","NCSTN"
"2810","NDE1"
"2811","NDEL1"
"2812","NDFIP1"
"2813","NDN"
"2814","NDNF"
"2815","NDP"
"2816","NDRG1"
"2817","NDRG2"
"2818","NDRG4"
"2819","NDUFS2"
"2820","NDUFS4"
"2821","NDUFV2"
"2822","NEB"
"2823","NEBL"
"2824","NECAB1"
"2825","NECTIN1"
"2826","NECTIN3"
"2827","NEDD4"
"2828","NEFH"
"2829","NEFL"
"2830","NEK2"
"2831","NEK3"
"2832","NEK8"
"2833","NELFA"
"2834","NELL1"
"2835","NEO1"
"2836","NEPRO"
"2837","NES"
"2838","NEURL1"
"2839","NEUROD1"
"2840","NEUROD2"
"2841","NEUROD4"
"2842","NEUROD6"
"2843","NEUROG1"
"2844","NEUROG2"
"2845","NEUROG3"
"2846","NEXMIF"
"2847","NEXN"
"2848","NF1"
"2849","NF2"
"2850","NFAM1"
"2851","NFASC"
"2852","NFATC1"
"2853","NFATC2"
"2854","NFATC3"
"2855","NFATC4"
"2856","NFE2"
"2857","NFE2L2"
"2858","NFIA"
"2859","NFIB"
"2860","NFIL3"
"2861","NFKB2"
"2862","NFKBIA"
"2863","NFKBID"
"2864","NFKBIZ"
"2865","NGEF"
"2866","NGF"
"2867","NGFR"
"2868","NHEJ1"
"2869","NHLH1"
"2870","NHLH2"
"2871","NHS"
"2872","NIBAN2"
"2873","NID1"
"2874","NIF3L1"
"2875","NIN"
"2876","NINJ2"
"2877","NIPBL"
"2878","NKAP"
"2879","NKD1"
"2880","NKX1-2"
"2881","NKX2-1"
"2882","NKX2-2"
"2883","NKX2-3"
"2884","NKX2-4"
"2885","NKX2-5"
"2886","NKX2-6"
"2887","NKX2-8"
"2888","NKX3-1"
"2889","NKX3-2"
"2890","NKX6-1"
"2891","NKX6-2"
"2892","NKX6-3"
"2893","NLE1"
"2894","NLGN1"
"2895","NLGN2"
"2896","NLGN3"
"2897","NLGN4X"
"2898","NLGN4Y"
"2899","NLRP14"
"2900","NLRP3"
"2901","NLRP5"
"2902","NME1"
"2903","NME5"
"2904","NME8"
"2905","NMUR2"
"2906","NNAT"
"2907","NNMT"
"2908","NOBOX"
"2909","NOCT"
"2910","NODAL"
"2911","NOG"
"2912","NOLC1"
"2913","NOM1"
"2914","NOS3"
"2915","NOTCH1"
"2916","NOTCH2"
"2917","NOTCH2NLA"
"2918","NOTCH2NLB"
"2919","NOTCH2NLC"
"2920","NOTCH3"
"2921","NOTCH4"
"2922","NOTO"
"2923","NOTUM"
"2924","NOX1"
"2925","NOX3"
"2926","NOX5"
"2927","NPAP1"
"2928","NPAS1"
"2929","NPAS2"
"2930","NPAS4"
"2931","NPAT"
"2932","NPHP1"
"2933","NPHP3"
"2934","NPHP4"
"2935","NPHS1"
"2936","NPHS2"
"2937","NPM2"
"2938","NPNT"
"2939","NPPA"
"2940","NPPB"
"2941","NPPC"
"2942","NPR1"
"2943","NPR2"
"2944","NPR3"
"2945","NPRL3"
"2946","NPTX1"
"2947","NPY"
"2948","NPY1R"
"2949","NPY2R"
"2950","NPY5R"
"2951","NR0B1"
"2952","NR0B2"
"2953","NR1D1"
"2954","NR2C2"
"2955","NR2E1"
"2956","NR2E3"
"2957","NR2F1"
"2958","NR2F2"
"2959","NR4A1"
"2960","NR4A2"
"2961","NR4A3"
"2962","NR5A1"
"2963","NR5A2"
"2964","NRAP"
"2965","NRARP"
"2966","NRBP2"
"2967","NRCAM"
"2968","NREP"
"2969","NRG1"
"2970","NRG2"
"2971","NRG3"
"2972","NRG4"
"2973","NRGN"
"2974","NRIP1"
"2975","NRK"
"2976","NRL"
"2977","NRN1"
"2978","NRN1L"
"2979","NRP1"
"2980","NRP2"
"2981","NRROS"
"2982","NRSN1"
"2983","NRSN2"
"2984","NRTN"
"2985","NRXN1"
"2986","NRXN2"
"2987","NRXN3"
"2988","NSD2"
"2989","NSDHL"
"2990","NSUN2"
"2991","NSUN5"
"2992","NTF3"
"2993","NTF4"
"2994","NTM"
"2995","NTN1"
"2996","NTN3"
"2997","NTN4"
"2998","NTN5"
"2999","NTNG1"
"3000","NTNG2"
"3001","NTRK1"
"3002","NTRK2"
"3003","NTRK3"
"3004","NUDT1"
"3005","NUMBL"
"3006","NUP107"
"3007","NUP160"
"3008","NUP85"
"3009","NUPR1"
"3010","NXF2"
"3011","NXF5"
"3012","NXN"
"3013","NYAP1"
"3014","NYAP2"
"3015","OAS2"
"3016","OBSCN"
"3017","OBSL1"
"3018","OC90"
"3019","OCSTAMP"
"3020","ODAD2"
"3021","ODAD3"
"3022","ODAD4"
"3023","ODAM"
"3024","ODAPH"
"3025","ODF1"
"3026","ODF2"
"3027","ODF3"
"3028","ODF4"
"3029","OFD1"
"3030","OLFM1"
"3031","OLFM3"
"3032","OLFML3"
"3033","OLIG1"
"3034","OLIG2"
"3035","OLIG3"
"3036","OMD"
"3037","OMG"
"3038","OMP"
"3039","ONECUT1"
"3040","ONECUT2"
"3041","OOEP"
"3042","OPA1"
"3043","OPCML"
"3044","OPHN1"
"3045","OPN3"
"3046","OPN4"
"3047","OPN5"
"3048","OPRM1"
"3049","OR10A4"
"3050","ORAI1"
"3051","ORMDL3"
"3052","OSCAR"
"3053","OSGIN1"
"3054","OSM"
"3055","OSR1"
"3056","OSR2"
"3057","OSTM1"
"3058","OSTN"
"3059","OTC"
"3060","OTOL1"
"3061","OTOP1"
"3062","OTOR"
"3063","OTP"
"3064","OTUD7B"
"3065","OTULIN"
"3066","OTX1"
"3067","OTX2"
"3068","OVOL1"
"3069","OVOL2"
"3070","OXCT1"
"3071","OXT"
"3072","OXTR"
"3073","P2RX2"
"3074","P2RX4"
"3075","P2RX5"
"3076","P2RX7"
"3077","P2RY1"
"3078","P2RY12"
"3079","P3H1"
"3080","P4HTM"
"3081","PACSIN1"
"3082","PADI2"
"3083","PADI6"
"3084","PAEP"
"3085","PAFAH1B3"
"3086","PAK1"
"3087","PAK2"
"3088","PAK3"
"3089","PAK4"
"3090","PAK6"
"3091","PALB2"
"3092","PALLD"
"3093","PALM"
"3094","PAM"
"3095","PANK2"
"3096","PAPPA2"
"3097","PAPSS1"
"3098","PAPSS2"
"3099","PAQR5"
"3100","PAQR7"
"3101","PAQR8"
"3102","PARD3"
"3103","PARD6B"
"3104","PARP2"
"3105","PARP6"
"3106","PARVA"
"3107","PATZ1"
"3108","PAX1"
"3109","PAX2"
"3110","PAX3"
"3111","PAX4"
"3112","PAX5"
"3113","PAX6"
"3114","PAX7"
"3115","PAX8"
"3116","PAX9"
"3117","PAXBP1"
"3118","PAXIP1"
"3119","PBX1"
"3120","PBX3"
"3121","PBX4"
"3122","PBXIP1"
"3123","PCARE"
"3124","PCDH1"
"3125","PCDH12"
"3126","PCDH15"
"3127","PCDH17"
"3128","PCDH18"
"3129","PCDH19"
"3130","PCDH8"
"3131","PCDH9"
"3132","PCDHA1"
"3133","PCDHA10"
"3134","PCDHA11"
"3135","PCDHA2"
"3136","PCDHA3"
"3137","PCDHA4"
"3138","PCDHA5"
"3139","PCDHA6"
"3140","PCDHA7"
"3141","PCDHA8"
"3142","PCDHAC1"
"3143","PCDHAC2"
"3144","PCDHB10"
"3145","PCDHB11"
"3146","PCDHB12"
"3147","PCDHB13"
"3148","PCDHB14"
"3149","PCDHB15"
"3150","PCDHB16"
"3151","PCDHB2"
"3152","PCDHB3"
"3153","PCDHB4"
"3154","PCDHB5"
"3155","PCDHB6"
"3156","PCDHB9"
"3157","PCGF2"
"3158","PCK1"
"3159","PCK2"
"3160","PCLO"
"3161","PCNA"
"3162","PCOLCE"
"3163","PCSK2"
"3164","PCSK5"
"3165","PCSK6"
"3166","PCSK9"
"3167","PCYT1B"
"3168","PDCD1"
"3169","PDCD10"
"3170","PDCD4"
"3171","PDCL3"
"3172","PDE1B"
"3173","PDE2A"
"3174","PDE3B"
"3175","PDE6A"
"3176","PDE6B"
"3177","PDE6C"
"3178","PDGFA"
"3179","PDGFB"
"3180","PDGFC"
"3181","PDGFD"
"3182","PDGFRA"
"3183","PDGFRB"
"3184","PDILT"
"3185","PDLIM1"
"3186","PDLIM2"
"3187","PDLIM3"
"3188","PDLIM4"
"3189","PDLIM5"
"3190","PDLIM7"
"3191","PDPN"
"3192","PDSS2"
"3193","PDX1"
"3194","PDZD7"
"3195","PECAM1"
"3196","PELO"
"3197","PEMT"
"3198","PENK"
"3199","PER2"
"3200","PERCC1"
"3201","PERP"
"3202","PEX13"
"3203","PF4"
"3204","PFKFB1"
"3205","PFKFB3"
"3206","PGAP1"
"3207","PGF"
"3208","PGK1"
"3209","PGLYRP1"
"3210","PGLYRP2"
"3211","PGM3"
"3212","PGR"
"3213","PHACTR1"
"3214","PHACTR4"
"3215","PHB2"
"3216","PHC1"
"3217","PHC2"
"3218","PHC3"
"3219","PHEX"
"3220","PHF2"
"3221","PHF3"
"3222","PHF6"
"3223","PHF8"
"3224","PHGDH"
"3225","PHLDA2"
"3226","PHLDB1"
"3227","PHLDB2"
"3228","PHLPP2"
"3229","PHOSPHO1"
"3230","PHOX2A"
"3231","PHOX2B"
"3232","PI15"
"3233","PI16"
"3234","PI3"
"3235","PIAS3"
"3236","PICK1"
"3237","PIFO"
"3238","PIGT"
"3239","PIK3CA"
"3240","PIK3CB"
"3241","PIK3CD"
"3242","PIK3CG"
"3243","PIK3R1"
"3244","PIK3R3"
"3245","PIK3R6"
"3246","PIKFYVE"
"3247","PIM1"
"3248","PIP4K2A"
"3249","PIP5K1A"
"3250","PIR"
"3251","PITPNM1"
"3252","PITX1"
"3253","PITX2"
"3254","PITX3"
"3255","PIWIL1"
"3256","PIWIL2"
"3257","PIWIL3"
"3258","PIWIL4"
"3259","PJVK"
"3260","PKD1"
"3261","PKD1L1"
"3262","PKD1L3"
"3263","PKD2"
"3264","PKDCC"
"3265","PKHD1"
"3266","PKM"
"3267","PKN1"
"3268","PKNOX1"
"3269","PKP1"
"3270","PKP2"
"3271","PKP3"
"3272","PKP4"
"3273","PLA2G10"
"3274","PLA2G2D"
"3275","PLA2G3"
"3276","PLAAT4"
"3277","PLAC1"
"3278","PLAG1"
"3279","PLAGL2"
"3280","PLCB1"
"3281","PLCD3"
"3282","PLCE1"
"3283","PLCG2"
"3284","PLCL2"
"3285","PLCZ1"
"3286","PLD4"
"3287","PLD6"
"3288","PLEK"
"3289","PLEKHA1"
"3290","PLEKHA5"
"3291","PLEKHB1"
"3292","PLK2"
"3293","PLK4"
"3294","PLLP"
"3295","PLN"
"3296","PLP1"
"3297","PLPP4"
"3298","PLPPR1"
"3299","PLPPR4"
"3300","PLS1"
"3301","PLS3"
"3302","PLXDC1"
"3303","PLXNA1"
"3304","PLXNA2"
"3305","PLXNA3"
"3306","PLXNA4"
"3307","PLXNB1"
"3308","PLXNB2"
"3309","PLXNB3"
"3310","PLXNC1"
"3311","PLXND1"
"3312","PMCH"
"3313","PML"
"3314","PMP22"
"3315","PMS2"
"3316","PMS2P1"
"3317","PMS2P2"
"3318","PMS2P5"
"3319","PNLDC1"
"3320","PNP"
"3321","PNPT1"
"3322","PODXL"
"3323","POFUT2"
"3324","POGK"
"3325","POGLUT1"
"3326","POLB"
"3327","POLE"
"3328","POLG2"
"3329","POLL"
"3330","POLQ"
"3331","POLR1B"
"3332","POMGNT2"
"3333","POMK"
"3334","POMT1"
"3335","POPDC2"
"3336","POPDC3"
"3337","POR"
"3338","POSTN"
"3339","POTEE"
"3340","POU1F1"
"3341","POU2AF1"
"3342","POU3F1"
"3343","POU3F2"
"3344","POU3F3"
"3345","POU3F4"
"3346","POU4F1"
"3347","POU4F2"
"3348","POU4F3"
"3349","POU5F1"
"3350","POU6F1"
"3351","POU6F2"
"3352","PPARA"
"3353","PPARD"
"3354","PPARG"
"3355","PPARGC1A"
"3356","PPARGC1B"
"3357","PPAT"
"3358","PPDPFL"
"3359","PPHLN1"
"3360","PPL"
"3361","PPP1R12A"
"3362","PPP1R13L"
"3363","PPP1R16B"
"3364","PPP1R17"
"3365","PPP1R9A"
"3366","PPP1R9B"
"3367","PPP2R3A"
"3368","PPP2R3C"
"3369","PPP2R5D"
"3370","PPP3CA"
"3371","PPP3CB"
"3372","PPP3CC"
"3373","PPP3R1"
"3374","PPP4R4"
"3375","PQBP1"
"3376","PRDM1"
"3377","PRDM12"
"3378","PRDM14"
"3379","PRDM15"
"3380","PRDM2"
"3381","PRDM6"
"3382","PRDM8"
"3383","PRDX3"
"3384","PRDX4"
"3385","PRELID1"
"3386","PRELP"
"3387","PREX1"
"3388","PREX2"
"3389","PRICKLE1"
"3390","PRICKLE3"
"3391","PRICKLE4"
"3392","PRKAB1"
"3393","PRKACB"
"3394","PRKACG"
"3395","PRKCA"
"3396","PRKCB"
"3397","PRKCG"
"3398","PRKCH"
"3399","PRKCI"
"3400","PRKCQ"
"3401","PRKCZ"
"3402","PRKD1"
"3403","PRKD2"
"3404","PRKDC"
"3405","PRKG1"
"3406","PRKN"
"3407","PRKX"
"3408","PRL"
"3409","PRLH"
"3410","PRLR"
"3411","PRM1"
"3412","PRM2"
"3413","PRM3"
"3414","PRMT5"
"3415","PRMT6"
"3416","PROC"
"3417","PROK1"
"3418","PROK2"
"3419","PROM1"
"3420","PROP1"
"3421","PROX1"
"3422","PRPH2"
"3423","PRPS1L1"
"3424","PRR14"
"3425","PRR15"
"3426","PRR7"
"3427","PRRC2C"
"3428","PRRX1"
"3429","PRRX2"
"3430","PRSS56"
"3431","PRSS8"
"3432","PRTG"
"3433","PRTN3"
"3434","PRUNE1"
"3435","PRX"
"3436","PRXL2A"
"3437","PSAPL1"
"3438","PSD"
"3439","PSEN1"
"3440","PSKH1"
"3441","PSMB11"
"3442","PSMC4"
"3443","PSME4"
"3444","PSMG1"
"3445","PSPH"
"3446","PSPN"
"3447","PTBP3"
"3448","PTCD2"
"3449","PTCH1"
"3450","PTCH2"
"3451","PTCHD1"
"3452","PTF1A"
"3453","PTGER4"
"3454","PTGIS"
"3455","PTGS2"
"3456","PTH"
"3457","PTH1R"
"3458","PTHLH"
"3459","PTK2"
"3460","PTK2B"
"3461","PTK6"
"3462","PTK7"
"3463","PTN"
"3464","PTP4A1"
"3465","PTPN14"
"3466","PTPN18"
"3467","PTPN2"
"3468","PTPN22"
"3469","PTPN3"
"3470","PTPN6"
"3471","PTPRA"
"3472","PTPRB"
"3473","PTPRC"
"3474","PTPRD"
"3475","PTPRF"
"3476","PTPRG"
"3477","PTPRJ"
"3478","PTPRK"
"3479","PTPRM"
"3480","PTPRN"
"3481","PTPRO"
"3482","PTPRR"
"3483","PTPRS"
"3484","PTPRU"
"3485","PTPRZ1"
"3486","PTS"
"3487","PTX3"
"3488","PURA"
"3489","PVALB"
"3490","PYGO1"
"3491","PYGO2"
"3492","PYY"
"3493","QARS1"
"3494","QDPR"
"3495","QKI"
"3496","RAB10"
"3497","RAB18"
"3498","RAB21"
"3499","RAB23"
"3500","RAB26"
"3501","RAB29"
"3502","RAB33B"
"3503","RAB3A"
"3504","RAB7B"
"3505","RAB8A"
"3506","RABL3"
"3507","RAC2"
"3508","RAC3"
"3509","RACGAP1"
"3510","RAD1"
"3511","RAD51B"
"3512","RAD54B"
"3513","RAD54L"
"3514","RADIL"
"3515","RAG1"
"3516","RAG2"
"3517","RAI1"
"3518","RAI2"
"3519","RAMP1"
"3520","RAMP2"
"3521","RAMP3"
"3522","RANBP3L"
"3523","RAP1GAP"
"3524","RAPGEF1"
"3525","RAPGEF3"
"3526","RAPGEF5"
"3527","RAPGEFL1"
"3528","RAPH1"
"3529","RARA"
"3530","RARB"
"3531","RARG"
"3532","RARRES2"
"3533","RASA1"
"3534","RASGRF1"
"3535","RASGRP1"
"3536","RASGRP4"
"3537","RASIP1"
"3538","RASSF10"
"3539","RASSF2"
"3540","RAX"
"3541","RB1"
"3542","RB1CC1"
"3543","RBBP5"
"3544","RBBP6"
"3545","RBBP8"
"3546","RBFOX1"
"3547","RBFOX2"
"3548","RBFOX3"
"3549","RBM11"
"3550","RBM15"
"3551","RBM19"
"3552","RBM20"
"3553","RBM24"
"3554","RBM45"
"3555","RBM46"
"3556","RBM47"
"3557","RBMY1B"
"3558","RBP4"
"3559","RBPMS2"
"3560","RC3H1"
"3561","RCAN1"
"3562","RCN3"
"3563","RCOR1"
"3564","RD3"
"3565","RDH10"
"3566","RDH13"
"3567","REC8"
"3568","RECK"
"3569","RECQL4"
"3570","REG1A"
"3571","REG3A"
"3572","REG3G"
"3573","RELB"
"3574","RELN"
"3575","RELT"
"3576","REN"
"3577","REST"
"3578","RET"
"3579","RETN"
"3580","RFLNA"
"3581","RFLNB"
"3582","RFNG"
"3583","RFX3"
"3584","RFX4"
"3585","RFX6"
"3586","RGCC"
"3587","RGMA"
"3588","RGN"
"3589","RGS14"
"3590","RGS2"
"3591","RGS4"
"3592","RGS9"
"3593","RHAG"
"3594","RHBDD3"
"3595","RHEX"
"3596","RHO"
"3597","RHOB"
"3598","RHOBTB3"
"3599","RHOG"
"3600","RHOH"
"3601","RHOJ"
"3602","RHOXF1"
"3603","RICTOR"
"3604","RIDA"
"3605","RIPK1"
"3606","RIPK2"
"3607","RIPK3"
"3608","RIPOR2"
"3609","RIPPLY1"
"3610","RIPPLY2"
"3611","RIPPLY3"
"3612","RITA1"
"3613","RLN2"
"3614","RNASEH2B"
"3615","RND1"
"3616","RND2"
"3617","RNF103"
"3618","RNF111"
"3619","RNF112"
"3620","RNF165"
"3621","RNF17"
"3622","RNF2"
"3623","RNF213"
"3624","RNF220"
"3625","RNF38"
"3626","RNF43"
"3627","RNF8"
"3628","RNH1"
"3629","RO60"
"3630","ROBO1"
"3631","ROBO2"
"3632","ROBO3"
"3633","ROBO4"
"3634","ROCK1"
"3635","ROGDI"
"3636","ROM1"
"3637","ROR1"
"3638","ROR2"
"3639","RORA"
"3640","RORB"
"3641","RORC"
"3642","ROS1"
"3643","RP1"
"3644","RP1L1"
"3645","RPE65"
"3646","RPGRIP1"
"3647","RPGRIP1L"
"3648","RPS4Y1"
"3649","RPS6KA1"
"3650","RPS6KA2"
"3651","RPS6KA3"
"3652","RPS6KA5"
"3653","RPS6KA6"
"3654","RPTN"
"3655","RRAS"
"3656","RREB1"
"3657","RRM1"
"3658","RRM2"
"3659","RRM2B"
"3660","RS1"
"3661","RSAD2"
"3662","RSPO2"
"3663","RSPO3"
"3664","RSPO4"
"3665","RTKN2"
"3666","RTL1"
"3667","RTN4"
"3668","RTN4IP1"
"3669","RTN4R"
"3670","RTN4RL1"
"3671","RTN4RL2"
"3672","RTTN"
"3673","RUFY3"
"3674","RUNDC1"
"3675","RUNX1"
"3676","RUNX2"
"3677","RUNX3"
"3678","RXFP1"
"3679","RXFP2"
"3680","RXRA"
"3681","RYBP"
"3682","RYK"
"3683","RYR1"
"3684","RYR2"
"3685","S100A1"
"3686","S100A4"
"3687","S100A7"
"3688","S100A8"
"3689","S100A9"
"3690","S100B"
"3691","S1PR1"
"3692","S1PR2"
"3693","S1PR3"
"3694","SALL1"
"3695","SALL2"
"3696","SALL4"
"3697","SAMD14"
"3698","SAMHD1"
"3699","SAP30"
"3700","SARM1"
"3701","SARS1"
"3702","SASH1"
"3703","SASH3"
"3704","SAT1"
"3705","SATB2"
"3706","SBF2"
"3707","SBNO2"
"3708","SCARF1"
"3709","SCD5"
"3710","SCEL"
"3711","SCG2"
"3712","SCGB1A1"
"3713","SCIN"
"3714","SCLT1"
"3715","SCMH1"
"3716","SCN10A"
"3717","SCN1B"
"3718","SCN2A"
"3719","SCN2B"
"3720","SCN3B"
"3721","SCN5A"
"3722","SCN8A"
"3723","SCN9A"
"3724","SCO2"
"3725","SCRG1"
"3726","SCRIB"
"3727","SCT"
"3728","SCTR"
"3729","SCUBE1"
"3730","SCUBE2"
"3731","SCX"
"3732","SCYL3"
"3733","SDC1"
"3734","SDC2"
"3735","SDC4"
"3736","SDCBP2"
"3737","SDCCAG8"
"3738","SDHA"
"3739","SDK1"
"3740","SDK2"
"3741","SEBOX"
"3742","SEC16A"
"3743","SEC24C"
"3744","SEC24D"
"3745","SEC61A1"
"3746","SEC63"
"3747","SECISBP2"
"3748","SELENOM"
"3749","SELENON"
"3750","SELENOP"
"3751","SELPLG"
"3752","SEMA3A"
"3753","SEMA3B"
"3754","SEMA3C"
"3755","SEMA3D"
"3756","SEMA3E"
"3757","SEMA3F"
"3758","SEMA3G"
"3759","SEMA4A"
"3760","SEMA4B"
"3761","SEMA4C"
"3762","SEMA4D"
"3763","SEMA4F"
"3764","SEMA4G"
"3765","SEMA5A"
"3766","SEMA5B"
"3767","SEMA6A"
"3768","SEMA6B"
"3769","SEMA6C"
"3770","SEMA6D"
"3771","SEMA7A"
"3772","SEPTIN2"
"3773","SEPTIN7"
"3774","SERF1A"
"3775","SERINC5"
"3776","SERPINA5"
"3777","SERPINB12"
"3778","SERPINB13"
"3779","SERPINB5"
"3780","SERPINC1"
"3781","SERPINE1"
"3782","SERPINE2"
"3783","SERPINF1"
"3784","SERPINF2"
"3785","SERPINH1"
"3786","SERPINI1"
"3787","SETD2"
"3788","SETDB2"
"3789","SETX"
"3790","SEZ6"
"3791","SFN"
"3792","SFRP1"
"3793","SFRP2"
"3794","SFRP4"
"3795","SFRP5"
"3796","SFTPB"
"3797","SFTPD"
"3798","SGCA"
"3799","SGCB"
"3800","SGCD"
"3801","SGCE"
"3802","SGCG"
"3803","SGCZ"
"3804","SGK1"
"3805","SGMS2"
"3806","SGPL1"
"3807","SGPP1"
"3808","SH2B2"
"3809","SH2B3"
"3810","SH2D2A"
"3811","SH3GL2"
"3812","SH3GL3"
"3813","SH3KBP1"
"3814","SH3PXD2A"
"3815","SH3PXD2B"
"3816","SH3RF1"
"3817","SH3TC2"
"3818","SHANK1"
"3819","SHANK2"
"3820","SHANK3"
"3821","SHB"
"3822","SHC1"
"3823","SHC3"
"3824","SHH"
"3825","SHISA2"
"3826","SHISA3"
"3827","SHOX"
"3828","SHOX2"
"3829","SHROOM2"
"3830","SHROOM3"
"3831","SHROOM4"
"3832","SHTN1"
"3833","SIAH1"
"3834","SIAH3"
"3835","SIDT2"
"3836","SIGMAR1"
"3837","SIK1"
"3838","SIM1"
"3839","SIM2"
"3840","SIN3A"
"3841","SIPA1L3"
"3842","SIRT1"
"3843","SIRT6"
"3844","SIX1"
"3845","SIX2"
"3846","SIX3"
"3847","SIX4"
"3848","SIX5"
"3849","SIX6"
"3850","SIX6OS1"
"3851","SKI"
"3852","SKIL"
"3853","SLAMF1"
"3854","SLAMF6"
"3855","SLAMF8"
"3856","SLC10A7"
"3857","SLC11A2"
"3858","SLC12A2"
"3859","SLC12A5"
"3860","SLC12A6"
"3861","SLC17A6"
"3862","SLC17A7"
"3863","SLC17A8"
"3864","SLC18A2"
"3865","SLC1A1"
"3866","SLC1A2"
"3867","SLC1A3"
"3868","SLC20A1"
"3869","SLC22A16"
"3870","SLC23A1"
"3871","SLC24A3"
"3872","SLC24A4"
"3873","SLC25A12"
"3874","SLC25A20"
"3875","SLC25A25"
"3876","SLC25A27"
"3877","SLC25A34"
"3878","SLC26A5"
"3879","SLC26A8"
"3880","SLC27A4"
"3881","SLC29A1"
"3882","SLC2A1"
"3883","SLC2A10"
"3884","SLC2A14"
"3885","SLC30A1"
"3886","SLC32A1"
"3887","SLC34A1"
"3888","SLC34A2"
"3889","SLC35E2B"
"3890","SLC38A3"
"3891","SLC39A12"
"3892","SLC39A14"
"3893","SLC39A3"
"3894","SLC39A5"
"3895","SLC44A4"
"3896","SLC46A2"
"3897","SLC4A1"
"3898","SLC4A10"
"3899","SLC4A2"
"3900","SLC4A5"
"3901","SLC4A7"
"3902","SLC5A3"
"3903","SLC5A7"
"3904","SLC6A11"
"3905","SLC6A17"
"3906","SLC6A3"
"3907","SLC6A4"
"3908","SLC7A11"
"3909","SLC7A6OS"
"3910","SLC8A1"
"3911","SLC8A3"
"3912","SLC9A1"
"3913","SLC9A3R1"
"3914","SLC9A6"
"3915","SLC9B2"
"3916","SLC9C1"
"3917","SLCO4C1"
"3918","SLIT1"
"3919","SLIT2"
"3920","SLIT3"
"3921","SLITRK1"
"3922","SLITRK2"
"3923","SLITRK3"
"3924","SLITRK4"
"3925","SLITRK5"
"3926","SLITRK6"
"3927","SMAD1"
"3928","SMAD3"
"3929","SMAD4"
"3930","SMAD5"
"3931","SMAD6"
"3932","SMAD7"
"3933","SMARCA1"
"3934","SMARCA2"
"3935","SMARCA4"
"3936","SMARCC2"
"3937","SMARCD1"
"3938","SMARCD3"
"3939","SMARCE1"
"3940","SMCHD1"
"3941","SMG9"
"3942","SMIM14"
"3943","SMN1"
"3944","SMO"
"3945","SMOC1"
"3946","SMOC2"
"3947","SMPD3"
"3948","SMTN"
"3949","SMTNL1"
"3950","SMYD1"
"3951","SMYD2"
"3952","SMYD4"
"3953","SNAI1"
"3954","SNAI2"
"3955","SNORC"
"3956","SNPH"
"3957","SNRK"
"3958","SNTG2"
"3959","SNW1"
"3960","SNX10"
"3961","SOBP"
"3962","SOCS1"
"3963","SOCS2"
"3964","SOCS3"
"3965","SOCS5"
"3966","SOHLH1"
"3967","SOHLH2"
"3968","SORBS2"
"3969","SORL1"
"3970","SORT1"
"3971","SOS1"
"3972","SOSTDC1"
"3973","SOX1"
"3974","SOX10"
"3975","SOX11"
"3976","SOX12"
"3977","SOX13"
"3978","SOX14"
"3979","SOX15"
"3980","SOX17"
"3981","SOX18"
"3982","SOX2"
"3983","SOX21"
"3984","SOX3"
"3985","SOX4"
"3986","SOX5"
"3987","SOX6"
"3988","SOX7"
"3989","SOX8"
"3990","SOX9"
"3991","SP100"
"3992","SP3"
"3993","SP5"
"3994","SP7"
"3995","SP8"
"3996","SP9"
"3997","SPAAR"
"3998","SPARC"
"3999","SPART"
"4000","SPAST"
"4001","SPATA16"
"4002","SPATA19"
"4003","SPATA2"
"4004","SPATA20"
"4005","SPATA24"
"4006","SPATA5"
"4007","SPATA6"
"4008","SPATA9"
"4009","SPDEF"
"4010","SPDYA"
"4011","SPEF2"
"4012","SPEG"
"4013","SPEM1"
"4014","SPESP1"
"4015","SPHK1"
"4016","SPHK2"
"4017","SPI1"
"4018","SPIC"
"4019","SPIN1"
"4020","SPINK5"
"4021","SPINK6"
"4022","SPINK9"
"4023","SPINT1"
"4024","SPINT2"
"4025","SPN"
"4026","SPNS2"
"4027","SPO11"
"4028","SPOCK1"
"4029","SPOCK2"
"4030","SPP1"
"4031","SPP2"
"4032","SPRED1"
"4033","SPRED2"
"4034","SPRED3"
"4035","SPRR1A"
"4036","SPRR1B"
"4037","SPRR2A"
"4038","SPRR2B"
"4039","SPRR2D"
"4040","SPRR2E"
"4041","SPRR2F"
"4042","SPRR2G"
"4043","SPRR3"
"4044","SPRR4"
"4045","SPRY1"
"4046","SPRY2"
"4047","SPRY3"
"4048","SPRY4"
"4049","SPTA1"
"4050","SPTAN1"
"4051","SPTB"
"4052","SPTBN1"
"4053","SPTBN2"
"4054","SPTBN4"
"4055","SPTBN5"
"4056","SPTLC2"
"4057","SRC"
"4058","SRD5A1"
"4059","SRD5A2"
"4060","SREBF1"
"4061","SRF"
"4062","SRGAP2"
"4063","SRGAP2B"
"4064","SRGAP2C"
"4065","SRGN"
"4066","SRI"
"4067","SRP54"
"4068","SRPK2"
"4069","SRPK3"
"4070","SRPX2"
"4071","SRR"
"4072","SRRM4"
"4073","SRRT"
"4074","SRSF5"
"4075","SRY"
"4076","SS18L1"
"4077","SSC5D"
"4078","SSPOP"
"4079","SSTR1"
"4080","SSTR2"
"4081","SSTR3"
"4082","SSTR4"
"4083","SSUH2"
"4084","ST14"
"4085","ST3GAL1"
"4086","ST8SIA2"
"4087","ST8SIA4"
"4088","ST8SIA6"
"4089","STAB1"
"4090","STAB2"
"4091","STAC3"
"4092","STAR"
"4093","STARD13"
"4094","STAT1"
"4095","STAT5A"
"4096","STAT6"
"4097","STATH"
"4098","STC1"
"4099","STC2"
"4100","STIL"
"4101","STK25"
"4102","STK3"
"4103","STK36"
"4104","STK4"
"4105","STK40"
"4106","STMN1"
"4107","STMN2"
"4108","STMN3"
"4109","STMN4"
"4110","STMND1"
"4111","STOX1"
"4112","STOX2"
"4113","STPG4"
"4114","STRA6"
"4115","STRBP"
"4116","STRC"
"4117","STRN"
"4118","STX2"
"4119","STX3"
"4120","STXBP1"
"4121","SUCO"
"4122","SUDS3"
"4123","SUFU"
"4124","SULF1"
"4125","SULF2"
"4126","SULT2B1"
"4127","SUN1"
"4128","SUN2"
"4129","SUPT20H"
"4130","SUZ12"
"4131","SVEP1"
"4132","SVIL"
"4133","SWAP70"
"4134","SYBU"
"4135","SYCP2"
"4136","SYK"
"4137","SYN1"
"4138","SYNDIG1"
"4139","SYNGAP1"
"4140","SYNGR3"
"4141","SYNJ1"
"4142","SYNJ2"
"4143","SYNJ2BP"
"4144","SYNPO2L"
"4145","SYPL2"
"4146","SYT1"
"4147","SYT4"
"4148","SYVN1"
"4149","SZT2"
"4150","TAB2"
"4151","TACC1"
"4152","TACC2"
"4153","TACC3"
"4154","TAF1"
"4155","TAF4"
"4156","TAF7L"
"4157","TAF8"
"4158","TAFA1"
"4159","TAFA3"
"4160","TAFA5"
"4161","TAGLN"
"4162","TAGLN3"
"4163","TAL1"
"4164","TAL2"
"4165","TANC2"
"4166","TAOK3"
"4167","TASOR"
"4168","TAZ"
"4169","TBATA"
"4170","TBC1D23"
"4171","TBC1D24"
"4172","TBC1D32"
"4173","TBPL2"
"4174","TBR1"
"4175","TBX1"
"4176","TBX15"
"4177","TBX18"
"4178","TBX19"
"4179","TBX2"
"4180","TBX20"
"4181","TBX21"
"4182","TBX22"
"4183","TBX3"
"4184","TBX4"
"4185","TBX5"
"4186","TBX6"
"4187","TBXA2R"
"4188","TBXT"
"4189","TCAP"
"4190","TCF12"
"4191","TCF15"
"4192","TCF21"
"4193","TCF23"
"4194","TCF3"
"4195","TCF4"
"4196","TCF7"
"4197","TCF7L2"
"4198","TCFL5"
"4199","TCHH"
"4200","TCIRG1"
"4201","TCL1A"
"4202","TCOF1"
"4203","TCP11"
"4204","TCTN1"
"4205","TDG"
"4206","TDGF1"
"4207","TDGF1P3"
"4208","TDP2"
"4209","TDRD1"
"4210","TDRD12"
"4211","TDRD5"
"4212","TDRD6"
"4213","TDRD7"
"4214","TDRD9"
"4215","TDRG1"
"4216","TEAD1"
"4217","TEAD2"
"4218","TEAD3"
"4219","TEAD4"
"4220","TEK"
"4221","tenascin-w_human"
"4222","TENM1"
"4223","TENM2"
"4224","TENM3"
"4225","TENM4"
"4226","TENT2"
"4227","TENT5C"
"4228","TERF2"
"4229","TERT"
"4230","TESC"
"4231","TESMIN"
"4232","TESPA1"
"4233","TET1"
"4234","TET2"
"4235","TET3"
"4236","TEX11"
"4237","TEX19"
"4238","TF"
"4239","TFAP2A"
"4240","TFAP2B"
"4241","TFAP2C"
"4242","TFAP2D"
"4243","TFCP2L1"
"4244","TFDP2"
"4245","TFEB"
"4246","TFIP11"
"4247","TFRC"
"4248","TG"
"4249","TGFA"
"4250","TGFB1"
"4251","TGFB1I1"
"4252","TGFB2"
"4253","TGFB3"
"4254","TGFBI"
"4255","TGFBR1"
"4256","TGFBR2"
"4257","TGFBR3"
"4258","TGFBR3L"
"4259","TGIF2"
"4260","TGM1"
"4261","TGM2"
"4262","TGM3"
"4263","TGM5"
"4264","TH"
"4265","THBS1"
"4266","THBS2"
"4267","THBS3"
"4268","THBS4"
"4269","THEG"
"4270","THEMIS"
"4271","THOC2"
"4272","THOC5"
"4273","THOC6"
"4274","THPO"
"4275","THRA"
"4276","THRB"
"4277","THSD7A"
"4278","THY1"
"4279","TIAM1"
"4280","TIAM2"
"4281","TIE1"
"4282","TIFAB"
"4283","TIGAR"
"4284","TIMELESS"
"4285","TIMM8A"
"4286","TIMP1"
"4287","TIMP2"
"4288","TIMP4"
"4289","TIPARP"
"4290","TIRAP"
"4291","TJP1"
"4292","TLE1"
"4293","TLE2"
"4294","TLE3"
"4295","TLE5"
"4296","TLE6"
"4297","TLL1"
"4298","TLL2"
"4299","TLR2"
"4300","TLR3"
"4301","TLR4"
"4302","TLR9"
"4303","TLX1"
"4304","TLX2"
"4305","TLX3"
"4306","TMC1"
"4307","TMEFF1"
"4308","TMEFF2"
"4309","TMEM100"
"4310","TMEM106B"
"4311","TMEM107"
"4312","TMEM108"
"4313","TMEM119"
"4314","TMEM126A"
"4315","TMEM131L"
"4316","TMEM132E"
"4317","TMEM176A"
"4318","TMEM176B"
"4319","TMEM178A"
"4320","TMEM190"
"4321","TMEM198"
"4322","TMEM204"
"4323","TMEM223"
"4324","TMEM231"
"4325","TMEM38B"
"4326","TMEM41B"
"4327","TMEM64"
"4328","TMEM65"
"4329","TMEM79"
"4330","TMEM88"
"4331","TMEM91"
"4332","TMEM98"
"4333","TMF1"
"4334","TMIE"
"4335","TMIGD2"
"4336","TMOD1"
"4337","TMOD2"
"4338","TMOD3"
"4339","TNC"
"4340","TNF"
"4341","TNFAIP2"
"4342","TNFAIP3"
"4343","TNFRSF11A"
"4344","TNFRSF11B"
"4345","TNFRSF12A"
"4346","TNFRSF13B"
"4347","TNFRSF17"
"4348","TNFRSF18"
"4349","TNFRSF19"
"4350","TNFRSF1A"
"4351","TNFRSF1B"
"4352","TNFRSF21"
"4353","TNFSF10"
"4354","TNFSF11"
"4355","TNFSF12"
"4356","TNFSF13B"
"4357","TNFSF18"
"4358","TNFSF4"
"4359","TNFSF8"
"4360","TNFSF9"
"4361","TNIK"
"4362","TNMD"
"4363","TNN"
"4364","TNNC1"
"4365","TNNI1"
"4366","TNNI3"
"4367","TNNT2"
"4368","TNP1"
"4369","TNP2"
"4370","TNR"
"4371","TNRC6A"
"4372","TNRC6B"
"4373","TNRC6C"
"4374","TNS2"
"4375","TOP2A"
"4376","TOP2B"
"4377","TOPORS"
"4378","TOX"
"4379","TP53"
"4380","TP63"
"4381","TP73"
"4382","TPBG"
"4383","TPD52"
"4384","TPGS1"
"4385","TPM1"
"4386","TPO"
"4387","TPPP"
"4388","TPPP3"
"4389","TPRA1"
"4390","TPRN"
"4391","TRA2B"
"4392","TRADD"
"4393","TRAF3IP1"
"4394","TRAF3IP2"
"4395","TRAF4"
"4396","TRAF6"
"4397","TRAK1"
"4398","TRAPPC2"
"4399","TRAPPC4"
"4400","TRAPPC6B"
"4401","TRAPPC9"
"4402","TREH"
"4403","TREM2"
"4404","TREX1"
"4405","TRIB1"
"4406","TRIM10"
"4407","TRIM11"
"4408","TRIM15"
"4409","TRIM16"
"4410","TRIM3"
"4411","TRIM32"
"4412","TRIM45"
"4413","TRIM46"
"4414","TRIM54"
"4415","TRIM71"
"4416","TRIM72"
"4417","TRIML1"
"4418","TRIO"
"4419","TRIOBP"
"4420","TRIP11"
"4421","TRIP6"
"4422","TRNP1"
"4423","TRO"
"4424","TRPC4"
"4425","TRPC5"
"4426","TRPC6"
"4427","TRPM2"
"4428","TRPM4"
"4429","TRPS1"
"4430","TRPV2"
"4431","TRPV4"
"4432","TSC1"
"4433","TSC2"
"4434","TSG101"
"4435","TSHZ1"
"4436","TSHZ2"
"4437","TSHZ3"
"4438","TSKU"
"4439","TSNAXIP1"
"4440","TSPAN12"
"4441","TSPAN2"
"4442","TSPEAR"
"4443","TSPO"
"4444","TSPO2"
"4445","TSPY1"
"4446","TSPY10"
"4447","TSPY2"
"4448","TSPY3"
"4449","TSPY4"
"4450","TSPY8"
"4451","TSSK1B"
"4452","TSSK2"
"4453","TSSK3"
"4454","TSSK4"
"4455","TSSK6"
"4456","TTBK1"
"4457","TTBK2"
"4458","TTC21B"
"4459","TTC36"
"4460","TTC39C"
"4461","TTC7A"
"4462","TTC8"
"4463","TTLL1"
"4464","TTLL5"
"4465","TTLL7"
"4466","TTN"
"4467","TUB"
"4468","TUBB2A"
"4469","TUBB2B"
"4470","TUBB3"
"4471","TUBD1"
"4472","TUBGCP2"
"4473","TUFT1"
"4474","TULP1"
"4475","TULP3"
"4476","TWIST1"
"4477","TWIST2"
"4478","TWSG1"
"4479","TXLNG"
"4480","TXNDC2"
"4481","TXNDC8"
"4482","TXNIP"
"4483","TXNRD1"
"4484","TXNRD3"
"4485","TYMP"
"4486","TYMS"
"4487","TYR"
"4488","TYRO3"
"4489","TYROBP"
"4490","UBA5"
"4491","UBA6"
"4492","UBASH3B"
"4493","UBD"
"4494","UBE2V2"
"4495","UBE3A"
"4496","UBR3"
"4497","UBTFL1"
"4498","UCHL1"
"4499","UCHL5"
"4500","UCMA"
"4501","UCN"
"4502","UCP2"
"4503","UFD1"
"4504","UGCG"
"4505","UGDH"
"4506","UGT1A1"
"4507","UGT8"
"4508","UHMK1"
"4509","ULK2"
"4510","UMODL1"
"4511","UMPS"
"4512","UNC119"
"4513","UNC119B"
"4514","UNC45A"
"4515","UNC45B"
"4516","UNC5A"
"4517","UNC5B"
"4518","UNC5C"
"4519","UNC5D"
"4520","UNCX"
"4521","UNG"
"4522","UNK"
"4523","UPF2"
"4524","UPK2"
"4525","UPK3A"
"4526","UPRT"
"4527","URS000000A4B3_9606"
"4528","URS000000D95D_9606"
"4529","URS0000010932_9606"
"4530","URS000001417E_9606"
"4531","URS0000019F58_9606"
"4532","URS0000029EBD_9606"
"4533","URS000005A8ED_9606"
"4534","URS0000065D58_9606"
"4535","URS000006FDD4_9606"
"4536","URS000007F792_9606"
"4537","URS00000A64C0_9606"
"4538","URS00000B7E30_9606"
"4539","URS00000CF1D2_9606"
"4540","URS00000E5433_9606"
"4541","URS00000ED600_9606"
"4542","URS00000F0F49_9606"
"4543","URS00000F11D1_9606"
"4544","URS00000F6E49_9606"
"4545","URS0000124030_9606"
"4546","URS000013D17D_9606"
"4547","URS0000143DFF_9606"
"4548","URS000014D9C1_9606"
"4549","URS000015B295_9606"
"4550","URS000016FD1A_9606"
"4551","URS0000170CF4_9606"
"4552","URS000018318E_9606"
"4553","URS0000183BED_9606"
"4554","URS000018C928_9606"
"4555","URS0000191DCA_9606"
"4556","URS0000192F9C_9606"
"4557","URS000019907A_9606"
"4558","URS000019B0F7_9606"
"4559","URS00001C2F97_9606"
"4560","URS00001C308D_9606"
"4561","URS00001D19CF_9606"
"4562","URS00001D6BAE_9606"
"4563","URS00001DC04F_9606"
"4564","URS00001DE669_9606"
"4565","URS00001E3523_9606"
"4566","URS00001F1DA8_9606"
"4567","URS00002075FA_9606"
"4568","URS0000209905_9606"
"4569","URS0000229622_9606"
"4570","URS00002373FD_9606"
"4571","URS00002375E2_9606"
"4572","URS0000241987_9606"
"4573","URS000024463E_9606"
"4574","URS000024C3E0_9606"
"4575","URS00002524E1_9606"
"4576","URS00002620A7_9606"
"4577","URS00002698A7_9606"
"4578","URS0000272039_9606"
"4579","URS0000275AC6_9606"
"4580","URS000029D9F1_9606"
"4581","URS00002AE282_9606"
"4582","URS00002B3783_9606"
"4583","URS00002C10B3_9606"
"4584","URS00002C11C3_9606"
"4585","URS00002C6949_9606"
"4586","URS00002C7B2B_9606"
"4587","URS00002D937C_9606"
"4588","URS00002E177F_9606"
"4589","URS00002E857A_9606"
"4590","URS00002F4762_9606"
"4591","URS00002F4D78_9606"
"4592","URS0000302F30_9606"
"4593","URS000030BD69_9606"
"4594","URS0000315338_9606"
"4595","URS0000324096_9606"
"4596","URS000032599B_9606"
"4597","URS0000338542_9606"
"4598","URS000033EC5C_9606"
"4599","URS0000355F46_9606"
"4600","URS000035CC3E_9606"
"4601","URS00003676C9_9606"
"4602","URS0000367985_9606"
"4603","URS00003768C5_9606"
"4604","URS0000379F51_9606"
"4605","URS0000394DCB_9606"
"4606","URS000039ED8D_9606"
"4607","URS00003D1AE3_9606"
"4608","URS00003DA300_9606"
"4609","URS00003DF3AE_9606"
"4610","URS00003E57CF_9606"
"4611","URS00003F2D94_9606"
"4612","URS000040780F_9606"
"4613","URS00004176D4_9606"
"4614","URS0000418A1F_9606"
"4615","URS000041E210_9606"
"4616","URS0000424278_9606"
"4617","URS0000432971_9606"
"4618","URS0000435A77_9606"
"4619","URS00004449AE_9606"
"4620","URS000045225D_9606"
"4621","URS00004565E5_9606"
"4622","URS000046832C_9606"
"4623","URS0000497496_9606"
"4624","URS00004996E9_9606"
"4625","URS000049B122_9606"
"4626","URS00004A5A07_9606"
"4627","URS00004A6921_9606"
"4628","URS00004AD914_9606"
"4629","URS00004AFF8D_9606"
"4630","URS00004B0B8F_9606"
"4631","URS00004BAA8A_9606"
"4632","URS00004BCD9C_9606"
"4633","URS00004C46CF_9606"
"4634","URS00004E70B8_9606"
"4635","URS00004F9744_9606"
"4636","URS000050B527_9606"
"4637","URS00005165DA_9606"
"4638","URS0000527F89_9606"
"4639","URS000052F380_9606"
"4640","URS0000535FDD_9606"
"4641","URS00005416E3_9606"
"4642","URS000055128B_9606"
"4643","URS00005540D2_9606"
"4644","URS0000554A4F_9606"
"4645","URS000056F1DC_9606"
"4646","URS0000574A2C_9606"
"4647","URS0000591950_9606"
"4648","URS000059273E_9606"
"4649","URS000059311D_9606"
"4650","URS00005A31EB_9606"
"4651","URS00005A4DCF_9606"
"4652","URS00005AB620_9606"
"4653","URS00005B3525_9606"
"4654","URS00005C2A6D_9606"
"4655","URS00005D76C4_9606"
"4656","URS00005F22B7_9606"
"4657","URS000060412C_9606"
"4658","URS00006054DA_9606"
"4659","URS0000605E00_9606"
"4660","URS00006100A0_9606"
"4661","URS0000614A9B_9606"
"4662","URS000061A5E3_9606"
"4663","URS000067BD77_9606"
"4664","URS00006B8421_9606"
"4665","URS00006DA613_9606"
"4666","URS00006DDD67_9606"
"4667","URS0000713F26_9606"
"4668","URS000071571F_9606"
"4669","URS0000724412_9606"
"4670","URS0000759D4C_9606"
"4671","URS000075AC6B_9606"
"4672","URS000075B449_9606"
"4673","URS000075BC5F_9606"
"4674","URS000075C707_9606"
"4675","URS000075CE43_9606"
"4676","URS000075D1E0_9606"
"4677","URS000075D6CA_9606"
"4678","URS000075DE64_9606"
"4679","URS000075E3E6_9606"
"4680","URS000076257C_9606"
"4681","URS0000763845_9606"
"4682","URS0000773941_9606"
"4683","URS000077C61E_9606"
"4684","URS00007E5B05_9606"
"4685","URS00007EC707_9606"
"4686","URS0000811730_9606"
"4687","URS0000811737_9606"
"4688","URS0000811829_9606"
"4689","URS0000811855_9606"
"4690","URS00008118A5_9606"
"4691","URS0000811945_9606"
"4692","URS000081194D_9606"
"4693","URS000081194E_9606"
"4694","URS0000811A37_9606"
"4695","URS0000811B1F_9606"
"4696","URS0000811BAB_9606"
"4697","URS0000811BE8_9606"
"4698","URS0000811C12_9606"
"4699","URS0000811CE1_9606"
"4700","URS0000811CFC_9606"
"4701","URS0000811D30_9606"
"4702","URS0000811DAF_9606"
"4703","URS0000811E56_9606"
"4704","URS0000811EA7_9606"
"4705","URS0000811EEC_9606"
"4706","URS0000811F37_9606"
"4707","URS0000811F78_9606"
"4708","URS000081207D_9606"
"4709","URS00008B3898_9606"
"4710","URS00008B3EB1_9606"
"4711","URS00008B4838_9606"
"4712","URS00008B603E_9606"
"4713","URS00008B6AFC_9606"
"4714","URS00008B7C3E_9606"
"4715","URS00008B7F78_9606"
"4716","URS00008BC2DE_9606"
"4717","URS00008BEFAC_9606"
"4718","URS00008BFB9E_9606"
"4719","URS0000AA7321_9606"
"4720","URS0000D56D71_9606"
"4721","URS0000D575AD_9606"
"4722","URS0000D58269_9606"
"4723","URS0000D582D6_9606"
"4724","URS0000D58DAC_9606"
"4725","URS0000D59DE9_9606"
"4726","URS0000D5A61D_9606"
"4727","URS0000D5AA0A_9606"
"4728","URS0000D5B4C3_9606"
"4729","URS0000D5C51F_9606"
"4730","URS0000D5D1DF_9606"
"4731","URS0000D5E0FA_9606"
"4732","URS0000D5E353_9606"
"4733","URS0000D5EA37_9606"
"4734","URS0000D5ED5A_9606"
"4735","URS0000D5EE27_9606"
"4736","URS0000D5EFFD_9606"
"4737","URS0000D5F26F_9606"
"4738","URS0000D5F2AF_9606"
"4739","URS0000D5F3E5_9606"
"4740","URS0000D5F3E7_9606"
"4741","URS0000D5F402_9606"
"4742","URS0000D5FA85_9606"
"4743","URS0000D5FDF0_9606"
"4744","URS0000D606D6_9606"
"4745","URS0000D608DD_9606"
"4746","URS0000D60CA0_9606"
"4747","URS0000D6102F_9606"
"4748","URS0000D6146F_9606"
"4749","URS0000D6150D_9606"
"4750","URS0000D6155E_9606"
"4751","URS0000D617CF_9606"
"4752","URS0000D61989_9606"
"4753","URS0000D61AE2_9606"
"4754","URS0000D61B06_9606"
"4755","URS0000D62223_9606"
"4756","URS0000D62475_9606"
"4757","URS0000D62870_9606"
"4758","URS0000D62B09_9606"
"4759","URS0000D62C38_9606"
"4760","URS0000D63A99_9606"
"4761","URS0000D6439D_9606"
"4762","URS0000D64508_9606"
"4763","URS0000D64573_9606"
"4764","URS0000D64C5D_9606"
"4765","URS0000D64CE4_9606"
"4766","URS0000D64DD5_9606"
"4767","URS0000D64EA3_9606"
"4768","URS0000D64F58_9606"
"4769","URS0000E9D3A3_9606"
"4770","URS0000EEAFFE_9606"
"4771","URS0000EEB124_9606"
"4772","URS0000EEB259_9606"
"4773","URS0000EEC312_9606"
"4774","URS0000EECFCA_9606"
"4775","URS0000EED108_9606"
"4776","URS0000EED33C_9606"
"4777","URS0000EEF1E2_9606"
"4778","URS0000EEF834_9606"
"4779","URS0000EEFB47_9606"
"4780","URS0000EF11F5_9606"
"4781","URS0000EF1774_9606"
"4782","URS0000EF17FD_9606"
"4783","URS0000EF1DD0_9606"
"4784","URS0000EF2500_9606"
"4785","URS0000EF269C_9606"
"4786","URS0000EF2F41_9606"
"4787","URS0000EF3087_9606"
"4788","URS0000EF340B_9606"
"4789","URS0000EF3DD5_9606"
"4790","URS0000EF4163_9606"
"4791","URS0000EF4300_9606"
"4792","URS0000EF4CD7_9606"
"4793","URS0000EF4FCB_9606"
"4794","URS0000EF622A_9606"
"4795","URS0000EF633D_9606"
"4796","URS0000EF6A9C_9606"
"4797","URS0000EF6AB2_9606"
"4798","URS0000EF6CE6_9606"
"4799","URS0000EF703C_9606"
"4800","URS0000EFBE97_9606"
"4801","URS0000EFE138_9606"
"4802","URS000197C5AD_9606"
"4803","USH1C"
"4804","USH1G"
"4805","USH2A"
"4806","USP1"
"4807","USP2"
"4808","USP21"
"4809","USP33"
"4810","USP45"
"4811","UTF1"
"4812","UTP11"
"4813","UTP14C"
"4814","UTRN"
"4815","UTY"
"4816","V9GYH0"
"4817","VANGL1"
"4818","VANGL2"
"4819","VASH1"
"4820","VASH2"
"4821","VASP"
"4822","VAV1"
"4823","VAV2"
"4824","VAV3"
"4825","VAX1"
"4826","VAX2"
"4827","VCAM1"
"4828","VCAN"
"4829","VCL"
"4830","VCX"
"4831","VCX2"
"4832","VCX3A"
"4833","VCX3B"
"4834","VCY"
"4835","VDR"
"4836","VEGFA"
"4837","VEGFC"
"4838","VEGFD"
"4839","VENTX"
"4840","VGF"
"4841","VGLL2"
"4842","VGLL4"
"4843","VIM"
"4844","VIRMA"
"4845","VIT"
"4846","VLDLR"
"4847","VMP1"
"4848","VNN1"
"4849","VPS13A"
"4850","VPS33A"
"4851","VPS4A"
"4852","VSIR"
"4853","VSTM2L"
"4854","VSTM5"
"4855","VSX1"
"4856","VSX2"
"4857","VTN"
"4858","VWC2L"
"4859","VXN"
"4860","WARS1"
"4861","WARS2"
"4862","WASF1"
"4863","WASF2"
"4864","WASF3"
"4865","WDFY3"
"4866","WDPCP"
"4867","WDR1"
"4868","WDR11"
"4869","WDR18"
"4870","WDR19"
"4871","WDR35"
"4872","WDR38"
"4873","WDR47"
"4874","WDR48"
"4875","WDR5"
"4876","WDR61"
"4877","WDR62"
"4878","WDR72"
"4879","WDR74"
"4880","WDR77"
"4881","WDTC1"
"4882","WEE1"
"4883","WFIKKN1"
"4884","WFIKKN2"
"4885","WFS1"
"4886","WHRN"
"4887","WIF1"
"4888","WIPF3"
"4889","WLS"
"4890","WNK4"
"4891","WNT1"
"4892","WNT10A"
"4893","WNT10B"
"4894","WNT11"
"4895","WNT16"
"4896","WNT2"
"4897","WNT2B"
"4898","WNT3"
"4899","WNT3A"
"4900","WNT4"
"4901","WNT5A"
"4902","WNT5B"
"4903","WNT6"
"4904","WNT7A"
"4905","WNT7B"
"4906","WNT8A"
"4907","WNT8B"
"4908","WNT9A"
"4909","WNT9B"
"4910","WRN"
"4911","WT1"
"4912","WWOX"
"4913","WWP1"
"4914","WWTR1"
"4915","XAB2"
"4916","XBP1"
"4917","XDH"
"4918","XIRP2"
"4919","XKR8"
"4920","XRCC1"
"4921","XRCC2"
"4922","XRCC4"
"4923","XRCC6"
"4924","XRN2"
"4925","XYLT1"
"4926","YAP1"
"4927","YBX3"
"4928","YJEFN3"
"4929","YTHDF2"
"4930","YWHAH"
"4931","ZAP70"
"4932","ZAR1"
"4933","ZBED2"
"4934","ZBED3"
"4935","ZBED6"
"4936","ZBTB1"
"4937","ZBTB14"
"4938","ZBTB16"
"4939","ZBTB24"
"4940","ZBTB40"
"4941","ZBTB42"
"4942","ZBTB45"
"4943","ZBTB46"
"4944","ZBTB7B"
"4945","ZC3H12A"
"4946","ZC3H13"
"4947","ZC3H8"
"4948","ZC4H2"
"4949","ZDHHC12"
"4950","ZDHHC16"
"4951","ZDHHC17"
"4952","ZDHHC21"
"4953","ZEB1"
"4954","ZEB2"
"4955","ZFAND5"
"4956","ZFAT"
"4957","ZFHX2"
"4958","ZFHX3"
"4959","ZFP36"
"4960","ZFP36L2"
"4961","ZFP41"
"4962","ZFP42"
"4963","ZFP57"
"4964","ZFPM1"
"4965","ZFPM2"
"4966","ZFR"
"4967","ZFX"
"4968","ZFYVE19"
"4969","ZFYVE27"
"4970","ZGLP1"
"4971","ZHX2"
"4972","ZIC1"
"4973","ZIC2"
"4974","ZIC3"
"4975","ZIC4"
"4976","ZIC5"
"4977","ZMYM3"
"4978","ZMYM4"
"4979","ZMYM6"
"4980","ZNF141"
"4981","ZNF148"
"4982","ZNF16"
"4983","ZNF160"
"4984","ZNF219"
"4985","ZNF24"
"4986","ZNF260"
"4987","ZNF267"
"4988","ZNF281"
"4989","ZNF3"
"4990","ZNF304"
"4991","ZNF335"
"4992","ZNF358"
"4993","ZNF365"
"4994","ZNF385A"
"4995","ZNF423"
"4996","ZNF430"
"4997","ZNF45"
"4998","ZNF488"
"4999","ZNF513"
"5000","ZNF516"
"5001","ZNF521"
"5002","ZNF541"
"5003","ZNF568"
"5004","ZNF609"
"5005","ZNF675"
"5006","ZNF683"
"5007","ZNF689"
"5008","ZNF7"
"5009","ZNF703"
"5010","ZNF74"
"5011","ZNF784"
"5012","ZNF830"
"5013","ZNF875"
"5014","ZNRF3"
"5015","ZP3"
"5016","ZPR1"
"5017","ZSCAN2"
"5018","ZSWIM6"
